"Date","Site","EpisodeCase","SpecCollectedCase","FirstConfirmed"
2020-08-01,"MMSD-P11",13,4,NA
2020-08-01,"MMSD-P18",10,7,NA
2020-08-01,"MMSD-P2",11,6,NA
2020-08-01,"MMSD-P7",2,1,NA
2020-08-01,"MMSD-P8",10,5,NA
2020-08-02,"MMSD-P11",8,3,1
2020-08-02,"MMSD-P18",8,1,4
2020-08-02,"MMSD-P2",9,3,1
2020-08-02,"MMSD-P7",2,NA,NA
2020-08-02,"MMSD-P8",1,1,2
2020-08-03,"MMSD-P11",15,18,5
2020-08-03,"MMSD-P18",6,6,2
2020-08-03,"MMSD-P2",13,9,6
2020-08-03,"MMSD-P7",1,2,1
2020-08-03,"MMSD-P8",15,10,3
2020-08-04,"MMSD-P11",17,14,16
2020-08-04,"MMSD-P18",6,4,7
2020-08-04,"MMSD-P2",9,4,10
2020-08-04,"MMSD-P7",1,2,2
2020-08-04,"MMSD-P8",7,5,9
2020-08-05,"MMSD-P11",10,11,10
2020-08-05,"MMSD-P18",5,5,3
2020-08-05,"MMSD-P2",7,15,3
2020-08-05,"MMSD-P7",1,1,2
2020-08-05,"MMSD-P8",6,9,3
2020-08-06,"MMSD-P11",7,9,15
2020-08-06,"MMSD-P18",8,7,6
2020-08-06,"MMSD-P2",7,7,12
2020-08-06,"MMSD-P7",3,1,1
2020-08-06,"MMSD-P8",7,5,11
2020-08-07,"MMSD-P11",10,3,10
2020-08-07,"MMSD-P18",5,9,4
2020-08-07,"MMSD-P2",5,10,12
2020-08-07,"MMSD-P8",6,2,3
2020-08-08,"MMSD-P11",5,2,4
2020-08-08,"MMSD-P18",7,3,10
2020-08-08,"MMSD-P2",5,3,8
2020-08-08,"MMSD-P7",4,2,2
2020-08-08,"MMSD-P8",11,10,4
2020-08-09,"MMSD-P11",6,3,1
2020-08-09,"MMSD-P18",3,1,2
2020-08-09,"MMSD-P2",5,1,2
2020-08-09,"MMSD-P7",3,2,NA
2020-08-09,"MMSD-P8",3,1,6
2020-08-10,"MMSD-P11",7,12,3
2020-08-10,"MMSD-P18",9,10,3
2020-08-10,"MMSD-P2",6,6,1
2020-08-10,"MMSD-P7",2,4,4
2020-08-10,"MMSD-P8",5,6,6
2020-08-11,"MMSD-P11",10,9,11
2020-08-11,"MMSD-P18",11,10,10
2020-08-11,"MMSD-P2",11,8,6
2020-08-11,"MMSD-P7",6,3,4
2020-08-11,"MMSD-P8",7,11,5
2020-08-12,"MMSD-P11",2,12,6
2020-08-12,"MMSD-P18",11,5,4
2020-08-12,"MMSD-P2",9,11,7
2020-08-12,"MMSD-P7",4,4,1
2020-08-12,"MMSD-P8",2,5,3
2020-08-13,"MMSD-P11",8,11,17
2020-08-13,"MMSD-P18",5,9,10
2020-08-13,"MMSD-P2",1,4,11
2020-08-13,"MMSD-P7",1,1,3
2020-08-13,"MMSD-P8",1,3,8
2020-08-14,"MMSD-P11",5,7,10
2020-08-14,"MMSD-P18",15,14,5
2020-08-14,"MMSD-P2",7,5,3
2020-08-14,"MMSD-P7",1,3,2
2020-08-14,"MMSD-P8",4,6,7
2020-08-15,"MMSD-P11",5,2,9
2020-08-15,"MMSD-P18",3,6,18
2020-08-15,"MMSD-P2",7,7,8
2020-08-15,"MMSD-P7",2,1,4
2020-08-15,"MMSD-P8",2,1,3
2020-08-16,"MMSD-P11",4,2,1
2020-08-16,"MMSD-P18",4,4,7
2020-08-16,"MMSD-P2",2,1,4
2020-08-17,"MMSD-P11",7,2,1
2020-08-17,"MMSD-P18",14,8,3
2020-08-17,"MMSD-P2",10,9,3
2020-08-17,"MMSD-P7",1,1,1
2020-08-17,"MMSD-P8",1,2,4
2020-08-18,"MMSD-P11",11,7,3
2020-08-18,"MMSD-P18",11,10,5
2020-08-18,"MMSD-P2",12,8,4
2020-08-18,"MMSD-P7",3,1,2
2020-08-19,"MMSD-P11",9,13,3
2020-08-19,"MMSD-P18",7,4,9
2020-08-19,"MMSD-P2",12,8,6
2020-08-19,"MMSD-P7",3,3,1
2020-08-19,"MMSD-P8",1,1,NA
2020-08-20,"MMSD-P11",6,5,10
2020-08-20,"MMSD-P18",6,11,7
2020-08-20,"MMSD-P2",7,8,10
2020-08-20,"MMSD-P7",3,4,NA
2020-08-20,"MMSD-P8",2,3,1
2020-08-21,"MMSD-P11",10,12,12
2020-08-21,"MMSD-P18",8,11,7
2020-08-21,"MMSD-P2",10,6,7
2020-08-21,"MMSD-P7",1,NA,5
2020-08-21,"MMSD-P8",2,3,1
2020-08-22,"MMSD-P11",1,6,5
2020-08-22,"MMSD-P18",11,7,9
2020-08-22,"MMSD-P2",9,8,8
2020-08-22,"MMSD-P7",3,NA,1
2020-08-22,"MMSD-P8",1,NA,1
2020-08-23,"MMSD-P11",4,1,6
2020-08-23,"MMSD-P18",4,1,8
2020-08-23,"MMSD-P2",14,5,6
2020-08-23,"MMSD-P7",3,NA,NA
2020-08-23,"MMSD-P8",1,NA,3
2020-08-24,"MMSD-P11",13,7,6
2020-08-24,"MMSD-P18",10,16,10
2020-08-24,"MMSD-P2",24,19,12
2020-08-24,"MMSD-P7",4,2,NA
2020-08-24,"MMSD-P8",4,3,1
2020-08-25,"MMSD-P11",14,15,6
2020-08-25,"MMSD-P18",14,13,12
2020-08-25,"MMSD-P2",45,28,14
2020-08-25,"MMSD-P7",3,5,3
2020-08-25,"MMSD-P8",9,3,2
2020-08-26,"MMSD-P11",6,6,15
2020-08-26,"MMSD-P18",15,9,13
2020-08-26,"MMSD-P2",37,16,32
2020-08-26,"MMSD-P7",2,4,4
2020-08-26,"MMSD-P8",6,4,4
2020-08-27,"MMSD-P11",6,7,6
2020-08-27,"MMSD-P18",6,12,11
2020-08-27,"MMSD-P2",53,34,10
2020-08-27,"MMSD-P7",8,9,6
2020-08-27,"MMSD-P8",8,8,1
2020-08-28,"MMSD-P11",3,4,8
2020-08-28,"MMSD-P18",4,5,5
2020-08-28,"MMSD-P2",45,22,13
2020-08-28,"MMSD-P7",1,1,3
2020-08-28,"MMSD-P8",7,6,8
2020-08-29,"MMSD-P11",7,6,3
2020-08-29,"MMSD-P18",8,7,5
2020-08-29,"MMSD-P2",39,17,21
2020-08-29,"MMSD-P8",6,5,4
2020-08-30,"MMSD-P11",2,NA,NA
2020-08-30,"MMSD-P18",4,1,2
2020-08-30,"MMSD-P2",57,6,4
2020-08-30,"MMSD-P8",4,1,NA
2020-08-31,"MMSD-P11",12,13,10
2020-08-31,"MMSD-P18",8,8,12
2020-08-31,"MMSD-P2",122,74,40
2020-08-31,"MMSD-P7",3,3,4
2020-08-31,"MMSD-P8",10,5,9
2020-09-01,"MMSD-P11",15,9,4
2020-09-01,"MMSD-P18",10,8,2
2020-09-01,"MMSD-P2",92,72,23
2020-09-01,"MMSD-P7",4,3,1
2020-09-01,"MMSD-P8",12,12,4
2020-09-02,"MMSD-P11",11,11,10
2020-09-02,"MMSD-P18",6,8,4
2020-09-02,"MMSD-P2",150,105,36
2020-09-02,"MMSD-P7",5,4,4
2020-09-02,"MMSD-P8",12,8,3
2020-09-03,"MMSD-P11",13,6,15
2020-09-03,"MMSD-P18",7,9,10
2020-09-03,"MMSD-P2",147,117,83
2020-09-03,"MMSD-P7",4,7,5
2020-09-03,"MMSD-P8",11,18,15
2020-09-04,"MMSD-P11",5,8,6
2020-09-04,"MMSD-P18",4,6,11
2020-09-04,"MMSD-P2",143,143,113
2020-09-04,"MMSD-P8",13,13,7
2020-09-05,"MMSD-P11",8,6,7
2020-09-05,"MMSD-P18",7,3,7
2020-09-05,"MMSD-P2",91,77,103
2020-09-05,"MMSD-P7",6,1,5
2020-09-05,"MMSD-P8",5,4,19
2020-09-06,"MMSD-P11",10,1,7
2020-09-06,"MMSD-P18",7,3,4
2020-09-06,"MMSD-P2",97,10,54
2020-09-06,"MMSD-P7",1,1,NA
2020-09-06,"MMSD-P8",7,1,4
2020-09-07,"MMSD-P11",12,1,4
2020-09-07,"MMSD-P18",5,2,7
2020-09-07,"MMSD-P2",99,16,148
2020-09-07,"MMSD-P7",3,1,2
2020-09-07,"MMSD-P8",6,1,11
2020-09-08,"MMSD-P11",10,19,1
2020-09-08,"MMSD-P18",16,18,1
2020-09-08,"MMSD-P2",239,385,43
2020-09-08,"MMSD-P7",3,4,1
2020-09-08,"MMSD-P8",19,28,1
2020-09-09,"MMSD-P11",23,22,18
2020-09-09,"MMSD-P18",10,6,16
2020-09-09,"MMSD-P2",151,226,373
2020-09-09,"MMSD-P7",4,3,4
2020-09-09,"MMSD-P8",18,15,27
2020-09-10,"MMSD-P11",9,12,16
2020-09-10,"MMSD-P18",20,15,7
2020-09-10,"MMSD-P2",95,166,160
2020-09-10,"MMSD-P7",11,6,2
2020-09-10,"MMSD-P8",11,14,10
2020-09-11,"MMSD-P11",18,22,10
2020-09-11,"MMSD-P18",9,11,9
2020-09-11,"MMSD-P2",92,195,107
2020-09-11,"MMSD-P7",2,1,2
2020-09-11,"MMSD-P8",8,8,10
2020-09-12,"MMSD-P11",14,17,15
2020-09-12,"MMSD-P18",8,8,7
2020-09-12,"MMSD-P2",44,30,137
2020-09-12,"MMSD-P7",7,9,5
2020-09-12,"MMSD-P8",5,7,9
2020-09-13,"MMSD-P11",5,2,12
2020-09-13,"MMSD-P18",4,3,12
2020-09-13,"MMSD-P2",37,2,137
2020-09-13,"MMSD-P7",9,1,5
2020-09-13,"MMSD-P8",8,1,7
2020-09-14,"MMSD-P11",18,12,13
2020-09-14,"MMSD-P18",17,21,4
2020-09-14,"MMSD-P2",100,141,64
2020-09-14,"MMSD-P7",7,11,1
2020-09-14,"MMSD-P8",15,21,4
2020-09-15,"MMSD-P11",21,17,12
2020-09-15,"MMSD-P18",19,14,12
2020-09-15,"MMSD-P2",84,101,30
2020-09-15,"MMSD-P7",4,7,6
2020-09-15,"MMSD-P8",11,15,5
2020-09-16,"MMSD-P11",20,18,11
2020-09-16,"MMSD-P18",16,15,16
2020-09-16,"MMSD-P2",70,79,142
2020-09-16,"MMSD-P7",5,4,13
2020-09-16,"MMSD-P8",14,12,19
2020-09-17,"MMSD-P11",23,25,22
2020-09-17,"MMSD-P18",14,17,18
2020-09-17,"MMSD-P2",57,85,101
2020-09-17,"MMSD-P7",6,7,6
2020-09-17,"MMSD-P8",17,16,18
2020-09-18,"MMSD-P11",15,20,24
2020-09-18,"MMSD-P18",16,14,16
2020-09-18,"MMSD-P2",43,56,85
2020-09-18,"MMSD-P7",6,12,3
2020-09-18,"MMSD-P8",7,5,11
2020-09-19,"MMSD-P11",13,17,17
2020-09-19,"MMSD-P18",10,12,15
2020-09-19,"MMSD-P2",24,17,72
2020-09-19,"MMSD-P7",4,5,8
2020-09-19,"MMSD-P8",9,14,15
2020-09-20,"MMSD-P11",7,1,6
2020-09-20,"MMSD-P18",11,1,3
2020-09-20,"MMSD-P2",18,2,45
2020-09-20,"MMSD-P7",7,NA,9
2020-09-20,"MMSD-P8",5,4,7
2020-09-21,"MMSD-P11",39,26,8
2020-09-21,"MMSD-P18",11,21,10
2020-09-21,"MMSD-P2",42,51,16
2020-09-21,"MMSD-P7",10,5,1
2020-09-21,"MMSD-P8",15,13,3
2020-09-22,"MMSD-P11",18,16,15
2020-09-22,"MMSD-P18",18,14,16
2020-09-22,"MMSD-P2",37,54,19
2020-09-22,"MMSD-P7",6,11,3
2020-09-22,"MMSD-P8",3,10,12
2020-09-23,"MMSD-P11",27,27,26
2020-09-23,"MMSD-P18",27,16,17
2020-09-23,"MMSD-P2",17,25,53
2020-09-23,"MMSD-P7",3,6,5
2020-09-23,"MMSD-P8",7,6,20
2020-09-24,"MMSD-P11",21,28,20
2020-09-24,"MMSD-P18",19,26,13
2020-09-24,"MMSD-P2",15,28,39
2020-09-24,"MMSD-P7",15,6,9
2020-09-24,"MMSD-P8",9,9,7
2020-09-25,"MMSD-P11",15,16,17
2020-09-25,"MMSD-P18",13,11,18
2020-09-25,"MMSD-P2",14,19,37
2020-09-25,"MMSD-P7",8,6,8
2020-09-25,"MMSD-P8",8,6,8
2020-09-26,"MMSD-P11",20,20,27
2020-09-26,"MMSD-P18",12,14,16
2020-09-26,"MMSD-P2",10,11,23
2020-09-26,"MMSD-P7",11,12,7
2020-09-26,"MMSD-P8",10,8,6
2020-09-27,"MMSD-P11",9,5,23
2020-09-27,"MMSD-P18",19,3,22
2020-09-27,"MMSD-P2",13,3,33
2020-09-27,"MMSD-P7",7,NA,9
2020-09-27,"MMSD-P8",7,2,8
2020-09-28,"MMSD-P11",36,34,18
2020-09-28,"MMSD-P18",22,31,19
2020-09-28,"MMSD-P2",26,30,15
2020-09-28,"MMSD-P7",16,19,10
2020-09-28,"MMSD-P8",17,11,9
2020-09-29,"MMSD-P11",24,18,25
2020-09-29,"MMSD-P18",15,23,10
2020-09-29,"MMSD-P2",38,24,12
2020-09-29,"MMSD-P7",10,12,12
2020-09-29,"MMSD-P8",22,14,8
2020-09-30,"MMSD-P11",18,10,22
2020-09-30,"MMSD-P18",27,17,34
2020-09-30,"MMSD-P2",21,16,39
2020-09-30,"MMSD-P7",17,15,15
2020-09-30,"MMSD-P8",4,8,6
2020-10-01,"MMSD-P11",24,24,15
2020-10-01,"MMSD-P18",26,20,13
2020-10-01,"MMSD-P2",23,22,4
2020-10-01,"MMSD-P7",6,11,9
2020-10-01,"MMSD-P8",9,11,14
2020-10-02,"MMSD-P11",18,28,9
2020-10-02,"MMSD-P18",23,18,19
2020-10-02,"MMSD-P2",19,11,20
2020-10-02,"MMSD-P7",13,6,15
2020-10-02,"MMSD-P8",8,9,7
2020-10-03,"MMSD-P11",24,23,21
2020-10-03,"MMSD-P18",16,21,14
2020-10-03,"MMSD-P2",12,15,17
2020-10-03,"MMSD-P7",11,15,8
2020-10-03,"MMSD-P8",10,14,8
2020-10-04,"MMSD-P11",7,3,14
2020-10-04,"MMSD-P18",22,5,11
2020-10-04,"MMSD-P2",11,2,7
2020-10-04,"MMSD-P7",2,2,1
2020-10-04,"MMSD-P8",4,4,7
2020-10-05,"MMSD-P11",22,19,37
2020-10-05,"MMSD-P18",30,17,31
2020-10-05,"MMSD-P2",24,25,15
2020-10-05,"MMSD-P7",14,4,15
2020-10-05,"MMSD-P8",7,6,18
2020-10-06,"MMSD-P11",34,32,12
2020-10-06,"MMSD-P18",47,54,10
2020-10-06,"MMSD-P2",33,24,13
2020-10-06,"MMSD-P7",18,15,9
2020-10-06,"MMSD-P8",18,12,6
2020-10-07,"MMSD-P11",26,28,23
2020-10-07,"MMSD-P18",42,38,23
2020-10-07,"MMSD-P2",27,38,19
2020-10-07,"MMSD-P7",21,25,4
2020-10-07,"MMSD-P8",14,13,7
2020-10-08,"MMSD-P11",29,23,29
2020-10-08,"MMSD-P18",32,46,43
2020-10-08,"MMSD-P2",23,21,23
2020-10-08,"MMSD-P7",19,19,21
2020-10-08,"MMSD-P8",10,12,7
2020-10-09,"MMSD-P11",21,33,22
2020-10-09,"MMSD-P18",22,29,39
2020-10-09,"MMSD-P2",17,17,34
2020-10-09,"MMSD-P7",12,10,19
2020-10-09,"MMSD-P8",8,11,14
2020-10-10,"MMSD-P11",13,12,26
2020-10-10,"MMSD-P18",25,16,41
2020-10-10,"MMSD-P2",10,7,22
2020-10-10,"MMSD-P7",15,12,15
2020-10-10,"MMSD-P8",9,12,13
2020-10-11,"MMSD-P11",25,11,31
2020-10-11,"MMSD-P18",30,12,33
2020-10-11,"MMSD-P2",15,2,23
2020-10-11,"MMSD-P7",19,5,14
2020-10-11,"MMSD-P8",7,3,9
2020-10-12,"MMSD-P11",20,11,12
2020-10-12,"MMSD-P18",35,30,21
2020-10-12,"MMSD-P2",30,37,6
2020-10-12,"MMSD-P7",19,10,14
2020-10-12,"MMSD-P8",16,16,11
2020-10-13,"MMSD-P11",32,36,10
2020-10-13,"MMSD-P18",49,49,29
2020-10-13,"MMSD-P2",23,30,31
2020-10-13,"MMSD-P7",22,31,9
2020-10-13,"MMSD-P8",17,15,13
2020-10-14,"MMSD-P11",18,21,31
2020-10-14,"MMSD-P18",36,39,32
2020-10-14,"MMSD-P2",24,31,28
2020-10-14,"MMSD-P7",20,32,23
2020-10-14,"MMSD-P8",16,19,10
2020-10-15,"MMSD-P11",32,40,29
2020-10-15,"MMSD-P18",49,61,45
2020-10-15,"MMSD-P2",23,39,27
2020-10-15,"MMSD-P7",23,31,30
2020-10-15,"MMSD-P8",14,13,18
2020-10-16,"MMSD-P11",28,26,23
2020-10-16,"MMSD-P18",49,53,51
2020-10-16,"MMSD-P2",23,21,22
2020-10-16,"MMSD-P7",21,26,29
2020-10-16,"MMSD-P8",17,10,14
2020-10-17,"MMSD-P11",21,30,NA
2020-10-17,"MMSD-P18",43,34,NA
2020-10-17,"MMSD-P2",17,9,NA
2020-10-17,"MMSD-P7",16,16,NA
2020-10-17,"MMSD-P8",8,9,NA
2020-10-18,"MMSD-P11",12,4,1
2020-10-18,"MMSD-P18",24,7,NA
2020-10-18,"MMSD-P2",18,4,NA
2020-10-18,"MMSD-P7",20,4,NA
2020-10-18,"MMSD-P8",18,11,NA
2020-10-19,"MMSD-P11",36,20,49
2020-10-19,"MMSD-P18",48,39,54
2020-10-19,"MMSD-P2",35,30,45
2020-10-19,"MMSD-P7",9,14,34
2020-10-19,"MMSD-P8",15,9,20
2020-10-20,"MMSD-P11",36,37,41
2020-10-20,"MMSD-P18",79,92,74
2020-10-20,"MMSD-P2",43,43,32
2020-10-20,"MMSD-P7",24,29,31
2020-10-20,"MMSD-P8",28,34,17
2020-10-21,"MMSD-P11",50,27,14
2020-10-21,"MMSD-P18",65,61,47
2020-10-21,"MMSD-P2",25,40,37
2020-10-21,"MMSD-P7",32,23,13
2020-10-21,"MMSD-P8",19,16,15
2020-10-22,"MMSD-P11",41,53,24
2020-10-22,"MMSD-P18",50,58,67
2020-10-22,"MMSD-P2",24,32,22
2020-10-22,"MMSD-P7",34,33,25
2020-10-22,"MMSD-P8",32,30,24
2020-10-23,"MMSD-P11",48,41,36
2020-10-23,"MMSD-P18",58,64,67
2020-10-23,"MMSD-P2",33,25,30
2020-10-23,"MMSD-P7",18,26,20
2020-10-23,"MMSD-P8",25,27,23
2020-10-24,"MMSD-P11",58,46,45
2020-10-24,"MMSD-P18",56,53,55
2020-10-24,"MMSD-P2",25,19,38
2020-10-24,"MMSD-P7",12,16,28
2020-10-24,"MMSD-P8",42,31,28
2020-10-25,"MMSD-P11",20,17,25
2020-10-25,"MMSD-P18",35,15,45
2020-10-25,"MMSD-P2",31,5,21
2020-10-25,"MMSD-P7",10,6,10
2020-10-25,"MMSD-P8",15,11,17
2020-10-26,"MMSD-P11",59,54,54
2020-10-26,"MMSD-P18",66,48,50
2020-10-26,"MMSD-P2",59,48,20
2020-10-26,"MMSD-P7",14,13,22
2020-10-26,"MMSD-P8",27,27,31
2020-10-27,"MMSD-P11",84,87,73
2020-10-27,"MMSD-P18",76,84,73
2020-10-27,"MMSD-P2",65,64,48
2020-10-27,"MMSD-P7",43,44,28
2020-10-27,"MMSD-P8",39,48,38
2020-10-28,"MMSD-P11",77,75,34
2020-10-28,"MMSD-P18",57,70,34
2020-10-28,"MMSD-P2",62,76,39
2020-10-28,"MMSD-P7",36,27,9
2020-10-28,"MMSD-P8",21,30,23
2020-10-29,"MMSD-P11",72,85,78
2020-10-29,"MMSD-P18",68,76,83
2020-10-29,"MMSD-P2",34,54,48
2020-10-29,"MMSD-P7",36,43,37
2020-10-29,"MMSD-P8",47,46,42
2020-10-30,"MMSD-P11",71,72,45
2020-10-30,"MMSD-P18",68,69,40
2020-10-30,"MMSD-P2",58,61,50
2020-10-30,"MMSD-P7",33,31,20
2020-10-30,"MMSD-P8",28,27,29
2020-10-31,"MMSD-P11",59,52,37
2020-10-31,"MMSD-P18",52,50,38
2020-10-31,"MMSD-P2",37,29,27
2020-10-31,"MMSD-P7",29,24,10
2020-10-31,"MMSD-P8",38,37,10
2020-11-01,"MMSD-P11",61,14,44
2020-11-01,"MMSD-P18",32,15,35
2020-11-01,"MMSD-P2",32,9,22
2020-11-01,"MMSD-P7",20,3,15
2020-11-01,"MMSD-P8",27,10,18
2020-11-02,"MMSD-P11",79,64,108
2020-11-02,"MMSD-P18",82,66,106
2020-11-02,"MMSD-P2",73,54,74
2020-11-02,"MMSD-P7",37,36,63
2020-11-02,"MMSD-P8",36,33,51
2020-11-03,"MMSD-P11",120,133,40
2020-11-03,"MMSD-P18",97,109,26
2020-11-03,"MMSD-P2",105,91,43
2020-11-03,"MMSD-P7",34,43,15
2020-11-03,"MMSD-P8",35,44,22
2020-11-04,"MMSD-P11",113,109,47
2020-11-04,"MMSD-P18",98,86,53
2020-11-04,"MMSD-P2",102,106,36
2020-11-04,"MMSD-P7",33,33,35
2020-11-04,"MMSD-P8",47,39,36
2020-11-05,"MMSD-P11",114,115,91
2020-11-05,"MMSD-P18",100,94,98
2020-11-05,"MMSD-P2",75,84,97
2020-11-05,"MMSD-P7",41,40,33
2020-11-05,"MMSD-P8",31,47,49
2020-11-06,"MMSD-P11",104,116,103
2020-11-06,"MMSD-P18",76,96,75
2020-11-06,"MMSD-P2",114,131,76
2020-11-06,"MMSD-P7",27,41,28
2020-11-06,"MMSD-P8",39,36,32
2020-11-07,"MMSD-P11",93,85,42
2020-11-07,"MMSD-P18",73,50,31
2020-11-07,"MMSD-P2",60,39,56
2020-11-07,"MMSD-P7",17,18,14
2020-11-07,"MMSD-P8",28,24,13
2020-11-08,"MMSD-P11",38,20,44
2020-11-08,"MMSD-P18",45,23,38
2020-11-08,"MMSD-P2",63,5,57
2020-11-08,"MMSD-P7",24,10,20
2020-11-08,"MMSD-P8",25,10,24
2020-11-09,"MMSD-P11",90,72,170
2020-11-09,"MMSD-P18",84,72,142
2020-11-09,"MMSD-P2",118,114,102
2020-11-09,"MMSD-P7",44,35,52
2020-11-09,"MMSD-P8",42,43,41
2020-11-10,"MMSD-P11",111,119,104
2020-11-10,"MMSD-P18",114,128,71
2020-11-10,"MMSD-P2",114,146,78
2020-11-10,"MMSD-P7",44,48,43
2020-11-10,"MMSD-P8",43,38,35
2020-11-11,"MMSD-P11",100,133,113
2020-11-11,"MMSD-P18",99,116,107
2020-11-11,"MMSD-P2",114,129,143
2020-11-11,"MMSD-P7",31,32,34
2020-11-11,"MMSD-P8",38,54,51
2020-11-12,"MMSD-P11",97,127,79
2020-11-12,"MMSD-P18",68,107,57
2020-11-12,"MMSD-P2",66,83,94
2020-11-12,"MMSD-P7",22,34,28
2020-11-12,"MMSD-P8",39,47,27
2020-11-13,"MMSD-P11",74,89,42
2020-11-13,"MMSD-P18",98,84,47
2020-11-13,"MMSD-P2",94,116,90
2020-11-13,"MMSD-P7",23,21,19
2020-11-13,"MMSD-P8",25,35,30
2020-11-14,"MMSD-P11",66,61,95
2020-11-14,"MMSD-P18",79,80,77
2020-11-14,"MMSD-P2",50,32,56
2020-11-14,"MMSD-P7",28,30,22
2020-11-14,"MMSD-P8",24,22,30
2020-11-15,"MMSD-P11",50,12,112
2020-11-15,"MMSD-P18",50,25,92
2020-11-15,"MMSD-P2",42,8,67
2020-11-15,"MMSD-P7",14,6,26
2020-11-15,"MMSD-P8",17,11,42
2020-11-16,"MMSD-P11",64,63,127
2020-11-16,"MMSD-P18",68,66,145
2020-11-16,"MMSD-P2",65,84,131
2020-11-16,"MMSD-P7",19,31,33
2020-11-16,"MMSD-P8",37,32,47
2020-11-17,"MMSD-P11",67,117,97
2020-11-17,"MMSD-P18",110,112,118
2020-11-17,"MMSD-P2",57,90,97
2020-11-17,"MMSD-P7",24,30,48
2020-11-17,"MMSD-P8",34,33,32
2020-11-18,"MMSD-P11",58,79,44
2020-11-18,"MMSD-P18",75,98,71
2020-11-18,"MMSD-P2",74,90,69
2020-11-18,"MMSD-P7",37,34,23
2020-11-18,"MMSD-P8",25,37,34
2020-11-19,"MMSD-P11",65,75,128
2020-11-19,"MMSD-P18",81,92,104
2020-11-19,"MMSD-P2",44,58,73
2020-11-19,"MMSD-P7",19,29,31
2020-11-19,"MMSD-P8",33,38,34
2020-11-20,"MMSD-P11",65,66,50
2020-11-20,"MMSD-P18",70,69,63
2020-11-20,"MMSD-P2",76,89,60
2020-11-20,"MMSD-P7",22,20,32
2020-11-20,"MMSD-P8",23,27,23
2020-11-21,"MMSD-P11",47,57,33
2020-11-21,"MMSD-P18",52,60,43
2020-11-21,"MMSD-P2",22,28,32
2020-11-21,"MMSD-P7",17,15,13
2020-11-21,"MMSD-P8",23,23,21
2020-11-22,"MMSD-P11",44,22,13
2020-11-22,"MMSD-P18",32,28,15
2020-11-22,"MMSD-P2",23,10,60
2020-11-22,"MMSD-P7",6,5,2
2020-11-22,"MMSD-P8",11,9,9
2020-11-23,"MMSD-P11",48,40,152
2020-11-23,"MMSD-P18",52,58,189
2020-11-23,"MMSD-P2",35,43,81
2020-11-23,"MMSD-P7",17,12,52
2020-11-23,"MMSD-P8",31,36,67
2020-11-24,"MMSD-P11",64,72,45
2020-11-24,"MMSD-P18",63,78,52
2020-11-24,"MMSD-P2",29,40,48
2020-11-24,"MMSD-P7",17,19,11
2020-11-24,"MMSD-P8",34,34,25
2020-11-25,"MMSD-P11",71,63,65
2020-11-25,"MMSD-P18",56,63,83
2020-11-25,"MMSD-P2",18,28,41
2020-11-25,"MMSD-P7",21,20,18
2020-11-25,"MMSD-P8",38,29,39
2020-11-26,"MMSD-P11",35,18,5
2020-11-26,"MMSD-P18",30,11,17
2020-11-26,"MMSD-P2",16,5,4
2020-11-26,"MMSD-P7",13,5,NA
2020-11-26,"MMSD-P8",11,4,9
2020-11-27,"MMSD-P11",77,89,94
2020-11-27,"MMSD-P18",57,63,79
2020-11-27,"MMSD-P2",22,19,28
2020-11-27,"MMSD-P7",25,35,34
2020-11-27,"MMSD-P8",29,37,35
2020-11-28,"MMSD-P11",46,44,86
2020-11-28,"MMSD-P18",62,44,68
2020-11-28,"MMSD-P2",39,27,26
2020-11-28,"MMSD-P7",21,18,31
2020-11-28,"MMSD-P8",19,26,32
2020-11-29,"MMSD-P11",42,25,54
2020-11-29,"MMSD-P18",45,16,43
2020-11-29,"MMSD-P2",17,6,16
2020-11-29,"MMSD-P7",19,7,19
2020-11-29,"MMSD-P8",15,6,29
2020-11-30,"MMSD-P11",56,63,30
2020-11-30,"MMSD-P18",54,59,18
2020-11-30,"MMSD-P2",36,40,14
2020-11-30,"MMSD-P7",8,11,8
2020-11-30,"MMSD-P8",26,27,12
2020-12-01,"MMSD-P11",47,93,51
2020-12-01,"MMSD-P18",70,87,46
2020-12-01,"MMSD-P2",39,44,34
2020-12-01,"MMSD-P7",34,34,10
2020-12-01,"MMSD-P8",22,31,20
2020-12-02,"MMSD-P11",47,52,74
2020-12-02,"MMSD-P18",50,69,83
2020-12-02,"MMSD-P2",27,40,44
2020-12-02,"MMSD-P7",24,39,28
2020-12-02,"MMSD-P8",31,37,27
2020-12-03,"MMSD-P11",38,38,56
2020-12-03,"MMSD-P18",49,68,63
2020-12-03,"MMSD-P2",38,41,40
2020-12-03,"MMSD-P7",11,15,36
2020-12-03,"MMSD-P8",16,18,34
2020-12-04,"MMSD-P11",35,34,40
2020-12-04,"MMSD-P18",41,53,59
2020-12-04,"MMSD-P2",28,34,36
2020-12-04,"MMSD-P7",15,17,14
2020-12-04,"MMSD-P8",14,15,15
2020-12-05,"MMSD-P11",32,37,24
2020-12-05,"MMSD-P18",29,29,29
2020-12-05,"MMSD-P2",24,23,29
2020-12-05,"MMSD-P7",12,12,7
2020-12-05,"MMSD-P8",11,10,10
2020-12-06,"MMSD-P11",22,4,48
2020-12-06,"MMSD-P18",19,11,62
2020-12-06,"MMSD-P2",12,4,31
2020-12-06,"MMSD-P7",10,5,21
2020-12-06,"MMSD-P8",3,2,21
2020-12-07,"MMSD-P11",39,41,25
2020-12-07,"MMSD-P18",36,40,33
2020-12-07,"MMSD-P2",22,28,13
2020-12-07,"MMSD-P7",11,16,15
2020-12-07,"MMSD-P8",19,15,9
2020-12-08,"MMSD-P11",61,77,27
2020-12-08,"MMSD-P18",34,57,27
2020-12-08,"MMSD-P2",26,27,24
2020-12-08,"MMSD-P7",15,24,14
2020-12-08,"MMSD-P8",17,19,18
2020-12-09,"MMSD-P11",40,35,61
2020-12-09,"MMSD-P18",42,38,48
2020-12-09,"MMSD-P2",23,26,29
2020-12-09,"MMSD-P7",15,15,21
2020-12-09,"MMSD-P8",18,23,15
2020-12-10,"MMSD-P11",35,38,38
2020-12-10,"MMSD-P18",26,33,40
2020-12-10,"MMSD-P2",36,45,26
2020-12-10,"MMSD-P7",8,7,18
2020-12-10,"MMSD-P8",19,17,14
2020-12-11,"MMSD-P11",38,42,60
2020-12-11,"MMSD-P18",32,35,40
2020-12-11,"MMSD-P2",14,15,35
2020-12-11,"MMSD-P7",9,10,7
2020-12-11,"MMSD-P8",8,15,19
2020-12-12,"MMSD-P11",26,23,49
2020-12-12,"MMSD-P18",18,24,29
2020-12-12,"MMSD-P2",13,5,27
2020-12-12,"MMSD-P7",9,7,12
2020-12-12,"MMSD-P8",11,7,20
2020-12-13,"MMSD-P11",27,14,38
2020-12-13,"MMSD-P18",12,4,38
2020-12-13,"MMSD-P2",7,3,10
2020-12-13,"MMSD-P7",7,3,10
2020-12-13,"MMSD-P8",7,2,16
2020-12-14,"MMSD-P11",43,45,12
2020-12-14,"MMSD-P18",42,28,11
2020-12-14,"MMSD-P2",18,19,1
2020-12-14,"MMSD-P7",8,10,3
2020-12-14,"MMSD-P8",14,20,5
2020-12-15,"MMSD-P11",41,49,23
2020-12-15,"MMSD-P18",33,32,13
2020-12-15,"MMSD-P2",20,30,18
2020-12-15,"MMSD-P7",9,13,6
2020-12-15,"MMSD-P8",15,15,12
2020-12-16,"MMSD-P11",29,38,73
2020-12-16,"MMSD-P18",26,33,32
2020-12-16,"MMSD-P2",23,20,29
2020-12-16,"MMSD-P7",13,13,14
2020-12-16,"MMSD-P8",8,13,15
2020-12-17,"MMSD-P11",26,33,45
2020-12-17,"MMSD-P18",32,39,31
2020-12-17,"MMSD-P2",11,22,23
2020-12-17,"MMSD-P7",11,13,12
2020-12-17,"MMSD-P8",8,12,16
2020-12-18,"MMSD-P11",28,21,35
2020-12-18,"MMSD-P18",29,24,40
2020-12-18,"MMSD-P2",16,17,22
2020-12-18,"MMSD-P7",9,5,12
2020-12-18,"MMSD-P8",17,16,18
2020-12-19,"MMSD-P11",13,17,19
2020-12-19,"MMSD-P18",29,22,23
2020-12-19,"MMSD-P2",16,13,19
2020-12-19,"MMSD-P7",10,7,9
2020-12-19,"MMSD-P8",13,14,7
2020-12-20,"MMSD-P11",29,22,22
2020-12-20,"MMSD-P18",21,12,21
2020-12-20,"MMSD-P2",8,5,13
2020-12-20,"MMSD-P7",7,5,6
2020-12-20,"MMSD-P8",5,2,17
2020-12-21,"MMSD-P11",25,26,16
2020-12-21,"MMSD-P18",33,31,23
2020-12-21,"MMSD-P2",14,21,3
2020-12-21,"MMSD-P7",14,10,2
2020-12-21,"MMSD-P8",9,7,1
2020-12-22,"MMSD-P11",19,35,27
2020-12-22,"MMSD-P18",32,49,33
2020-12-22,"MMSD-P2",30,31,23
2020-12-22,"MMSD-P7",13,22,11
2020-12-22,"MMSD-P8",16,18,10
2020-12-23,"MMSD-P11",28,23,40
2020-12-23,"MMSD-P18",37,34,32
2020-12-23,"MMSD-P2",14,13,29
2020-12-23,"MMSD-P7",10,14,23
2020-12-23,"MMSD-P8",15,12,9
2020-12-24,"MMSD-P11",26,21,26
2020-12-24,"MMSD-P18",25,31,35
2020-12-24,"MMSD-P2",16,17,16
2020-12-24,"MMSD-P7",4,8,16
2020-12-24,"MMSD-P8",11,10,14
2020-12-25,"MMSD-P11",15,3,NA
2020-12-25,"MMSD-P18",12,1,NA
2020-12-25,"MMSD-P2",6,1,NA
2020-12-25,"MMSD-P7",4,NA,NA
2020-12-25,"MMSD-P8",6,1,NA
2020-12-26,"MMSD-P11",20,25,28
2020-12-26,"MMSD-P18",37,36,50
2020-12-26,"MMSD-P2",16,17,21
2020-12-26,"MMSD-P7",9,9,8
2020-12-26,"MMSD-P8",20,15,12
2020-12-27,"MMSD-P11",25,6,21
2020-12-27,"MMSD-P18",29,6,28
2020-12-27,"MMSD-P2",21,12,17
2020-12-27,"MMSD-P7",12,1,8
2020-12-27,"MMSD-P8",9,3,15
2020-12-28,"MMSD-P11",34,21,11
2020-12-28,"MMSD-P18",40,33,18
2020-12-28,"MMSD-P2",26,22,12
2020-12-28,"MMSD-P7",19,14,4
2020-12-28,"MMSD-P8",18,15,6
2020-12-29,"MMSD-P11",30,56,16
2020-12-29,"MMSD-P18",30,53,29
2020-12-29,"MMSD-P2",23,28,15
2020-12-29,"MMSD-P7",14,19,11
2020-12-29,"MMSD-P8",19,20,8
2020-12-30,"MMSD-P11",55,53,48
2020-12-30,"MMSD-P18",52,50,50
2020-12-30,"MMSD-P2",29,37,28
2020-12-30,"MMSD-P7",27,23,20
2020-12-30,"MMSD-P8",18,31,21
2020-12-31,"MMSD-P11",32,31,33
2020-12-31,"MMSD-P18",49,61,48
2020-12-31,"MMSD-P2",23,16,37
2020-12-31,"MMSD-P7",17,21,19
2020-12-31,"MMSD-P8",15,19,25
2021-01-01,"MMSD-P11",23,4,NA
2021-01-01,"MMSD-P18",18,8,NA
2021-01-01,"MMSD-P2",20,7,NA
2021-01-01,"MMSD-P7",7,3,NA
2021-01-01,"MMSD-P8",15,4,NA
2021-01-02,"MMSD-P11",49,65,42
2021-01-02,"MMSD-P18",43,46,62
2021-01-02,"MMSD-P2",48,39,19
2021-01-02,"MMSD-P7",21,29,29
2021-01-02,"MMSD-P8",20,23,29
2021-01-03,"MMSD-P11",26,7,46
2021-01-03,"MMSD-P18",24,6,48
2021-01-03,"MMSD-P2",31,5,24
2021-01-03,"MMSD-P7",6,2,18
2021-01-03,"MMSD-P8",17,4,14
2021-01-04,"MMSD-P11",56,51,39
2021-01-04,"MMSD-P18",50,39,21
2021-01-04,"MMSD-P2",28,48,26
2021-01-04,"MMSD-P7",16,19,9
2021-01-04,"MMSD-P8",29,29,15
2021-01-05,"MMSD-P11",60,83,33
2021-01-05,"MMSD-P18",52,60,22
2021-01-05,"MMSD-P2",45,60,44
2021-01-05,"MMSD-P7",15,24,18
2021-01-05,"MMSD-P8",25,31,24
2021-01-06,"MMSD-P11",28,36,86
2021-01-06,"MMSD-P18",37,61,53
2021-01-06,"MMSD-P2",33,45,62
2021-01-06,"MMSD-P7",21,16,23
2021-01-06,"MMSD-P8",13,17,32
2021-01-07,"MMSD-P11",41,36,49
2021-01-07,"MMSD-P18",46,49,72
2021-01-07,"MMSD-P2",23,18,41
2021-01-07,"MMSD-P7",12,14,21
2021-01-07,"MMSD-P8",18,24,22
2021-01-08,"MMSD-P11",27,30,36
2021-01-08,"MMSD-P18",38,37,40
2021-01-08,"MMSD-P2",32,22,19
2021-01-08,"MMSD-P7",8,11,8
2021-01-08,"MMSD-P8",14,11,13
2021-01-09,"MMSD-P11",31,44,35
2021-01-09,"MMSD-P18",29,36,46
2021-01-09,"MMSD-P2",19,19,24
2021-01-09,"MMSD-P7",7,6,13
2021-01-09,"MMSD-P8",19,20,18
2021-01-10,"MMSD-P11",29,8,30
2021-01-10,"MMSD-P18",38,19,29
2021-01-10,"MMSD-P2",19,14,16
2021-01-10,"MMSD-P7",10,7,7
2021-01-10,"MMSD-P8",4,1,16
2021-01-11,"MMSD-P11",37,33,15
2021-01-11,"MMSD-P18",37,34,22
2021-01-11,"MMSD-P2",20,20,11
2021-01-11,"MMSD-P7",13,12,6
2021-01-11,"MMSD-P8",7,12,12
2021-01-12,"MMSD-P11",30,50,31
2021-01-12,"MMSD-P18",43,56,31
2021-01-12,"MMSD-P2",23,38,29
2021-01-12,"MMSD-P7",18,23,7
2021-01-12,"MMSD-P8",11,16,12
2021-01-13,"MMSD-P11",27,29,52
2021-01-13,"MMSD-P18",27,36,48
2021-01-13,"MMSD-P2",25,26,38
2021-01-13,"MMSD-P7",12,11,24
2021-01-13,"MMSD-P8",9,12,7
2021-01-14,"MMSD-P11",24,32,32
2021-01-14,"MMSD-P18",30,33,50
2021-01-14,"MMSD-P2",11,15,24
2021-01-14,"MMSD-P7",8,8,15
2021-01-14,"MMSD-P8",5,6,12
2021-01-15,"MMSD-P11",21,19,34
2021-01-15,"MMSD-P18",25,30,37
2021-01-15,"MMSD-P2",18,19,21
2021-01-15,"MMSD-P7",6,15,10
2021-01-15,"MMSD-P8",14,12,11
2021-01-16,"MMSD-P11",28,17,28
2021-01-16,"MMSD-P18",19,19,31
2021-01-16,"MMSD-P2",20,24,17
2021-01-16,"MMSD-P7",9,7,8
2021-01-16,"MMSD-P8",14,15,9
2021-01-17,"MMSD-P11",18,15,10
2021-01-17,"MMSD-P18",12,7,17
2021-01-17,"MMSD-P2",14,5,15
2021-01-17,"MMSD-P7",8,3,10
2021-01-17,"MMSD-P8",9,7,10
2021-01-18,"MMSD-P11",22,27,6
2021-01-18,"MMSD-P18",26,18,9
2021-01-18,"MMSD-P2",18,9,12
2021-01-18,"MMSD-P7",7,6,2
2021-01-18,"MMSD-P8",6,2,9
2021-01-19,"MMSD-P11",31,40,16
2021-01-19,"MMSD-P18",27,36,10
2021-01-19,"MMSD-P2",31,34,13
2021-01-19,"MMSD-P7",11,11,4
2021-01-19,"MMSD-P8",10,16,7
2021-01-20,"MMSD-P11",30,28,44
2021-01-20,"MMSD-P18",26,24,34
2021-01-20,"MMSD-P2",24,30,26
2021-01-20,"MMSD-P7",9,8,10
2021-01-20,"MMSD-P8",13,14,11
2021-01-21,"MMSD-P11",24,33,46
2021-01-21,"MMSD-P18",17,25,34
2021-01-21,"MMSD-P2",18,20,26
2021-01-21,"MMSD-P7",5,9,15
2021-01-21,"MMSD-P8",8,14,18
2021-01-22,"MMSD-P11",27,28,33
2021-01-22,"MMSD-P18",20,30,31
2021-01-22,"MMSD-P2",19,19,20
2021-01-22,"MMSD-P7",5,10,9
2021-01-22,"MMSD-P8",14,11,9
2021-01-23,"MMSD-P11",21,21,23
2021-01-23,"MMSD-P18",18,23,18
2021-01-23,"MMSD-P2",20,22,25
2021-01-23,"MMSD-P7",7,7,7
2021-01-23,"MMSD-P8",11,9,13
2021-01-24,"MMSD-P11",17,10,17
2021-01-24,"MMSD-P18",6,5,21
2021-01-24,"MMSD-P2",20,15,18
2021-01-24,"MMSD-P7",6,NA,6
2021-01-24,"MMSD-P8",8,6,7
2021-01-25,"MMSD-P11",25,19,8
2021-01-25,"MMSD-P18",23,18,17
2021-01-25,"MMSD-P2",28,33,13
2021-01-25,"MMSD-P7",15,9,5
2021-01-25,"MMSD-P8",14,13,4
2021-01-26,"MMSD-P11",25,41,13
2021-01-26,"MMSD-P18",18,17,10
2021-01-26,"MMSD-P2",34,38,22
2021-01-26,"MMSD-P7",13,14,3
2021-01-26,"MMSD-P8",10,15,7
2021-01-27,"MMSD-P11",20,26,56
2021-01-27,"MMSD-P18",13,14,18
2021-01-27,"MMSD-P2",32,30,48
2021-01-27,"MMSD-P7",8,11,15
2021-01-27,"MMSD-P8",13,14,24
2021-01-28,"MMSD-P11",20,22,19
2021-01-28,"MMSD-P18",15,16,17
2021-01-28,"MMSD-P2",21,23,37
2021-01-28,"MMSD-P7",14,14,14
2021-01-28,"MMSD-P8",13,12,10
2021-01-29,"MMSD-P11",9,13,19
2021-01-29,"MMSD-P18",8,11,20
2021-01-29,"MMSD-P2",26,27,25
2021-01-29,"MMSD-P7",6,10,15
2021-01-29,"MMSD-P8",18,22,25
2021-01-30,"MMSD-P11",9,8,21
2021-01-30,"MMSD-P18",8,14,10
2021-01-30,"MMSD-P2",21,21,27
2021-01-30,"MMSD-P7",7,8,7
2021-01-30,"MMSD-P8",8,9,17
2021-01-31,"MMSD-P11",2,1,9
2021-01-31,"MMSD-P18",4,2,12
2021-01-31,"MMSD-P2",26,6,14
2021-01-31,"MMSD-P7",3,1,9
2021-01-31,"MMSD-P8",4,1,8
2021-02-01,"MMSD-P11",11,10,4
2021-02-01,"MMSD-P18",14,10,5
2021-02-01,"MMSD-P2",59,50,23
2021-02-01,"MMSD-P7",6,7,4
2021-02-01,"MMSD-P8",12,15,4
2021-02-02,"MMSD-P11",24,21,5
2021-02-02,"MMSD-P18",12,20,6
2021-02-02,"MMSD-P2",53,68,33
2021-02-02,"MMSD-P7",7,11,6
2021-02-02,"MMSD-P8",8,14,13
2021-02-03,"MMSD-P11",18,15,23
2021-02-03,"MMSD-P18",15,19,20
2021-02-03,"MMSD-P2",41,48,88
2021-02-03,"MMSD-P7",6,10,10
2021-02-03,"MMSD-P8",9,6,14
2021-02-04,"MMSD-P11",5,16,17
2021-02-04,"MMSD-P18",6,6,13
2021-02-04,"MMSD-P2",31,34,44
2021-02-04,"MMSD-P7",6,4,10
2021-02-04,"MMSD-P8",14,8,7
2021-02-05,"MMSD-P11",10,18,11
2021-02-05,"MMSD-P18",17,18,17
2021-02-05,"MMSD-P2",29,42,34
2021-02-05,"MMSD-P7",9,9,7
2021-02-05,"MMSD-P8",8,10,5
2021-02-06,"MMSD-P11",12,8,11
2021-02-06,"MMSD-P18",11,14,11
2021-02-06,"MMSD-P2",25,25,33
2021-02-06,"MMSD-P7",3,3,4
2021-02-06,"MMSD-P8",6,4,4
2021-02-07,"MMSD-P11",4,1,16
2021-02-07,"MMSD-P18",6,1,14
2021-02-07,"MMSD-P2",33,18,32
2021-02-07,"MMSD-P7",7,4,4
2021-02-07,"MMSD-P8",4,2,13
2021-02-08,"MMSD-P11",6,11,7
2021-02-08,"MMSD-P18",16,6,6
2021-02-08,"MMSD-P2",27,38,10
2021-02-08,"MMSD-P7",4,4,5
2021-02-08,"MMSD-P8",6,6,2
2021-02-09,"MMSD-P11",9,12,6
2021-02-09,"MMSD-P18",13,16,6
2021-02-09,"MMSD-P2",48,45,46
2021-02-09,"MMSD-P7",10,7,3
2021-02-09,"MMSD-P8",12,13,3
2021-02-10,"MMSD-P11",7,10,13
2021-02-10,"MMSD-P18",9,14,17
2021-02-10,"MMSD-P2",26,27,47
2021-02-10,"MMSD-P7",4,2,8
2021-02-10,"MMSD-P8",5,7,14
2021-02-11,"MMSD-P11",6,9,13
2021-02-11,"MMSD-P18",14,20,14
2021-02-11,"MMSD-P2",24,26,28
2021-02-11,"MMSD-P7",5,6,5
2021-02-11,"MMSD-P8",3,4,10
2021-02-12,"MMSD-P11",1,2,11
2021-02-12,"MMSD-P18",7,6,19
2021-02-12,"MMSD-P2",26,17,24
2021-02-12,"MMSD-P7",6,8,6
2021-02-12,"MMSD-P8",9,7,4
2021-02-13,"MMSD-P11",8,3,4
2021-02-13,"MMSD-P18",9,10,6
2021-02-13,"MMSD-P2",30,23,18
2021-02-13,"MMSD-P7",4,2,8
2021-02-13,"MMSD-P8",4,5,7
2021-02-14,"MMSD-P11",6,3,3
2021-02-14,"MMSD-P18",5,4,11
2021-02-14,"MMSD-P2",40,12,15
2021-02-14,"MMSD-P7",4,3,4
2021-02-14,"MMSD-P8",6,NA,4
2021-02-15,"MMSD-P11",10,9,7
2021-02-15,"MMSD-P18",9,5,5
2021-02-15,"MMSD-P2",60,55,22
2021-02-15,"MMSD-P7",2,NA,2
2021-02-15,"MMSD-P8",13,11,2
2021-02-16,"MMSD-P11",7,7,5
2021-02-16,"MMSD-P18",7,15,5
2021-02-16,"MMSD-P2",87,87,47
2021-02-16,"MMSD-P7",4,7,2
2021-02-16,"MMSD-P8",7,14,11
2021-02-17,"MMSD-P11",10,9,6
2021-02-17,"MMSD-P18",12,8,13
2021-02-17,"MMSD-P2",50,87,96
2021-02-17,"MMSD-P7",3,4,4
2021-02-17,"MMSD-P8",7,7,14
2021-02-18,"MMSD-P11",11,15,11
2021-02-18,"MMSD-P18",10,10,11
2021-02-18,"MMSD-P2",35,41,85
2021-02-18,"MMSD-P7",8,13,10
2021-02-18,"MMSD-P8",6,5,7
2021-02-19,"MMSD-P11",5,8,12
2021-02-19,"MMSD-P18",4,10,15
2021-02-19,"MMSD-P2",33,39,40
2021-02-19,"MMSD-P7",5,5,10
2021-02-19,"MMSD-P8",12,10,6
2021-02-20,"MMSD-P11",5,2,7
2021-02-20,"MMSD-P18",3,4,6
2021-02-20,"MMSD-P2",22,24,39
2021-02-20,"MMSD-P7",1,3,2
2021-02-20,"MMSD-P8",8,13,10
2021-02-21,"MMSD-P11",6,2,2
2021-02-21,"MMSD-P18",2,1,4
2021-02-21,"MMSD-P2",21,18,23
2021-02-21,"MMSD-P7",2,NA,4
2021-02-21,"MMSD-P8",3,NA,12
2021-02-22,"MMSD-P11",10,13,4
2021-02-22,"MMSD-P18",11,8,3
2021-02-22,"MMSD-P2",31,41,16
2021-02-22,"MMSD-P7",2,NA,1
2021-02-22,"MMSD-P8",9,13,NA
2021-02-23,"MMSD-P11",10,12,9
2021-02-23,"MMSD-P18",17,11,8
2021-02-23,"MMSD-P2",15,18,41
2021-02-23,"MMSD-P7",2,5,1
2021-02-23,"MMSD-P8",3,3,14
2021-02-24,"MMSD-P11",10,5,11
2021-02-24,"MMSD-P18",7,5,13
2021-02-24,"MMSD-P2",28,13,18
2021-02-24,"MMSD-P7",5,4,3
2021-02-24,"MMSD-P8",6,2,2
2021-02-25,"MMSD-P11",11,15,11
2021-02-25,"MMSD-P18",14,15,5
2021-02-25,"MMSD-P2",24,30,23
2021-02-25,"MMSD-P7",2,2,4
2021-02-25,"MMSD-P8",5,6,4
2021-02-26,"MMSD-P11",8,6,15
2021-02-26,"MMSD-P18",6,8,16
2021-02-26,"MMSD-P2",11,18,26
2021-02-26,"MMSD-P7",1,1,4
2021-02-26,"MMSD-P8",7,6,3
2021-02-27,"MMSD-P11",4,9,6
2021-02-27,"MMSD-P18",7,6,6
2021-02-27,"MMSD-P2",9,12,18
2021-02-27,"MMSD-P7",4,5,NA
2021-02-27,"MMSD-P8",6,6,5
2021-02-28,"MMSD-P11",9,3,8
2021-02-28,"MMSD-P18",7,9,7
2021-02-28,"MMSD-P2",12,7,12
2021-02-28,"MMSD-P7",1,1,4
2021-02-28,"MMSD-P8",4,2,7
2021-03-01,"MMSD-P11",14,5,4
2021-03-01,"MMSD-P18",9,8,6
2021-03-01,"MMSD-P2",36,32,9
2021-03-01,"MMSD-P7",6,4,3
2021-03-01,"MMSD-P8",4,9,2
2021-03-02,"MMSD-P11",16,17,3
2021-03-02,"MMSD-P18",15,13,6
2021-03-02,"MMSD-P2",36,37,28
2021-03-02,"MMSD-P7",6,7,2
2021-03-02,"MMSD-P8",5,8,10
2021-03-03,"MMSD-P11",9,17,19
2021-03-03,"MMSD-P18",6,8,15
2021-03-03,"MMSD-P2",11,17,37
2021-03-03,"MMSD-P8",3,4,10
2021-03-04,"MMSD-P11",8,17,15
2021-03-04,"MMSD-P18",11,8,7
2021-03-04,"MMSD-P2",11,9,7
2021-03-04,"MMSD-P7",3,2,3
2021-03-04,"MMSD-P8",6,3,5
2021-03-05,"MMSD-P11",12,10,16
2021-03-05,"MMSD-P18",10,9,12
2021-03-05,"MMSD-P2",5,13,22
2021-03-05,"MMSD-P8",5,3,4
2021-03-06,"MMSD-P11",7,8,11
2021-03-06,"MMSD-P18",9,10,9
2021-03-06,"MMSD-P2",7,3,12
2021-03-06,"MMSD-P7",3,2,3
2021-03-06,"MMSD-P8",6,4,2
2021-03-07,"MMSD-P18",9,2,7
2021-03-07,"MMSD-P2",13,8,4
2021-03-07,"MMSD-P7",2,2,1
2021-03-07,"MMSD-P8",2,3,3
2021-03-08,"MMSD-P11",5,2,2
2021-03-08,"MMSD-P18",16,13,10
2021-03-08,"MMSD-P2",21,16,NA
2021-03-08,"MMSD-P7",4,2,NA
2021-03-08,"MMSD-P8",7,3,2
2021-03-09,"MMSD-P11",8,8,2
2021-03-09,"MMSD-P18",17,15,7
2021-03-09,"MMSD-P2",17,22,22
2021-03-09,"MMSD-P7",4,5,3
2021-03-09,"MMSD-P8",3,4,3
2021-03-10,"MMSD-P11",8,11,8
2021-03-10,"MMSD-P18",9,18,12
2021-03-10,"MMSD-P2",10,11,24
2021-03-10,"MMSD-P7",4,2,7
2021-03-10,"MMSD-P8",2,5,4
2021-03-11,"MMSD-P11",5,6,12
2021-03-11,"MMSD-P18",10,18,22
2021-03-11,"MMSD-P2",3,10,10
2021-03-11,"MMSD-P7",2,3,1
2021-03-11,"MMSD-P8",3,8,4
2021-03-12,"MMSD-P11",8,4,6
2021-03-12,"MMSD-P18",12,13,12
2021-03-12,"MMSD-P2",11,10,10
2021-03-12,"MMSD-P7",2,3,4
2021-03-12,"MMSD-P8",3,4,4
2021-03-13,"MMSD-P11",15,12,3
2021-03-13,"MMSD-P18",5,3,14
2021-03-13,"MMSD-P2",9,9,11
2021-03-13,"MMSD-P7",2,2,3
2021-03-13,"MMSD-P8",7,2,7
2021-03-14,"MMSD-P11",8,3,1
2021-03-14,"MMSD-P18",2,2,7
2021-03-14,"MMSD-P2",4,4,6
2021-03-14,"MMSD-P7",2,1,1
2021-03-14,"MMSD-P8",3,2,2
2021-03-15,"MMSD-P11",5,7,14
2021-03-15,"MMSD-P18",5,7,6
2021-03-15,"MMSD-P2",8,11,7
2021-03-15,"MMSD-P7",7,7,3
2021-03-15,"MMSD-P8",3,6,3
2021-03-16,"MMSD-P11",8,15,3
2021-03-16,"MMSD-P18",7,6,4
2021-03-16,"MMSD-P2",6,4,10
2021-03-16,"MMSD-P7",4,7,5
2021-03-16,"MMSD-P8",3,6,6
2021-03-17,"MMSD-P11",8,3,20
2021-03-17,"MMSD-P18",8,11,6
2021-03-17,"MMSD-P2",6,8,5
2021-03-17,"MMSD-P7",3,4,8
2021-03-17,"MMSD-P8",3,2,9
2021-03-18,"MMSD-P11",11,11,4
2021-03-18,"MMSD-P18",7,6,12
2021-03-18,"MMSD-P2",7,8,10
2021-03-18,"MMSD-P7",3,3,5
2021-03-18,"MMSD-P8",2,2,NA
2021-03-19,"MMSD-P11",5,5,4
2021-03-19,"MMSD-P18",7,7,2
2021-03-19,"MMSD-P2",10,8,5
2021-03-19,"MMSD-P7",3,NA,1
2021-03-19,"MMSD-P8",5,4,1
2021-03-20,"MMSD-P11",11,7,7
2021-03-20,"MMSD-P18",6,10,8
2021-03-20,"MMSD-P2",9,3,10
2021-03-20,"MMSD-P7",2,1,1
2021-03-20,"MMSD-P8",6,3,6
2021-03-21,"MMSD-P11",14,10,8
2021-03-21,"MMSD-P18",2,NA,8
2021-03-21,"MMSD-P2",8,2,1
2021-03-21,"MMSD-P7",2,1,1
2021-03-21,"MMSD-P8",1,NA,1
2021-03-22,"MMSD-P11",11,11,11
2021-03-22,"MMSD-P18",10,5,4
2021-03-22,"MMSD-P2",6,8,NA
2021-03-22,"MMSD-P7",7,5,NA
2021-03-22,"MMSD-P8",5,4,1
2021-03-23,"MMSD-P11",11,13,13
2021-03-23,"MMSD-P18",5,10,8
2021-03-23,"MMSD-P2",8,17,17
2021-03-23,"MMSD-P7",4,3,4
2021-03-23,"MMSD-P8",3,3,6
2021-03-24,"MMSD-P11",13,9,13
2021-03-24,"MMSD-P18",12,10,10
2021-03-24,"MMSD-P2",10,12,18
2021-03-24,"MMSD-P7",5,8,6
2021-03-24,"MMSD-P8",5,5,5
2021-03-25,"MMSD-P11",9,15,14
2021-03-25,"MMSD-P18",11,7,8
2021-03-25,"MMSD-P2",10,13,7
2021-03-25,"MMSD-P7",3,5,6
2021-03-25,"MMSD-P8",4,9,5
2021-03-26,"MMSD-P11",11,12,10
2021-03-26,"MMSD-P18",8,8,7
2021-03-26,"MMSD-P2",4,5,13
2021-03-26,"MMSD-P7",1,1,6
2021-03-26,"MMSD-P8",2,2,8
2021-03-27,"MMSD-P11",14,10,10
2021-03-27,"MMSD-P18",8,8,8
2021-03-27,"MMSD-P2",4,3,8
2021-03-27,"MMSD-P7",3,2,1
2021-03-27,"MMSD-P8",2,1,2
2021-03-28,"MMSD-P11",7,3,12
2021-03-28,"MMSD-P18",7,5,7
2021-03-28,"MMSD-P2",6,3,3
2021-03-28,"MMSD-P7",5,1,NA
2021-03-28,"MMSD-P8",4,3,3
2021-03-29,"MMSD-P11",16,6,5
2021-03-29,"MMSD-P18",11,3,5
2021-03-29,"MMSD-P2",10,12,2
2021-03-29,"MMSD-P7",4,3,5
2021-03-29,"MMSD-P8",4,4,3
2021-03-30,"MMSD-P11",16,22,9
2021-03-30,"MMSD-P18",17,10,6
2021-03-30,"MMSD-P2",13,11,14
2021-03-30,"MMSD-P7",1,5,1
2021-03-30,"MMSD-P8",8,7,3
2021-03-31,"MMSD-P11",15,11,19
2021-03-31,"MMSD-P18",21,19,10
2021-03-31,"MMSD-P2",10,6,10
2021-03-31,"MMSD-P7",3,1,2
2021-03-31,"MMSD-P8",5,3,7
2021-04-01,"MMSD-P11",12,12,15
2021-04-01,"MMSD-P18",18,21,17
2021-04-01,"MMSD-P2",15,11,10
2021-04-01,"MMSD-P7",3,8,6
2021-04-01,"MMSD-P8",2,7,8
2021-04-02,"MMSD-P11",14,15,11
2021-04-02,"MMSD-P18",14,18,26
2021-04-02,"MMSD-P2",10,14,8
2021-04-02,"MMSD-P7",5,3,3
2021-04-02,"MMSD-P8",8,2,4
2021-04-03,"MMSD-P11",16,19,15
2021-04-03,"MMSD-P18",17,22,14
2021-04-03,"MMSD-P2",11,6,15
2021-04-03,"MMSD-P7",5,5,6
2021-04-03,"MMSD-P8",8,6,6
2021-04-04,"MMSD-P11",13,NA,16
2021-04-04,"MMSD-P18",11,2,21
2021-04-04,"MMSD-P2",8,3,3
2021-04-04,"MMSD-P7",2,1,5
2021-04-04,"MMSD-P8",7,4,3
2021-04-05,"MMSD-P11",11,15,4
2021-04-05,"MMSD-P18",13,10,6
2021-04-05,"MMSD-P2",23,25,10
2021-04-05,"MMSD-P7",8,3,3
2021-04-05,"MMSD-P8",2,4,5
2021-04-06,"MMSD-P11",16,21,7
2021-04-06,"MMSD-P18",16,30,3
2021-04-06,"MMSD-P2",17,19,19
2021-04-06,"MMSD-P7",7,8,3
2021-04-06,"MMSD-P8",3,4,5
2021-04-07,"MMSD-P11",19,13,32
2021-04-07,"MMSD-P18",27,21,31
2021-04-07,"MMSD-P2",11,13,19
2021-04-07,"MMSD-P7",10,9,6
2021-04-07,"MMSD-P8",5,6,3
2021-04-08,"MMSD-P11",20,31,8
2021-04-08,"MMSD-P18",11,12,24
2021-04-08,"MMSD-P2",21,26,14
2021-04-08,"MMSD-P7",4,4,9
2021-04-08,"MMSD-P8",7,13,4
2021-04-09,"MMSD-P11",14,16,21
2021-04-09,"MMSD-P18",16,14,10
2021-04-09,"MMSD-P2",6,8,22
2021-04-09,"MMSD-P7",3,6,4
2021-04-09,"MMSD-P8",8,4,7
2021-04-10,"MMSD-P11",9,14,20
2021-04-10,"MMSD-P18",9,8,17
2021-04-10,"MMSD-P2",4,4,12
2021-04-10,"MMSD-P7",7,3,7
2021-04-10,"MMSD-P8",5,5,12
2021-04-11,"MMSD-P11",12,11,15
2021-04-11,"MMSD-P18",10,7,9
2021-04-11,"MMSD-P2",8,6,3
2021-04-11,"MMSD-P7",4,3,3
2021-04-11,"MMSD-P8",5,3,5
2021-04-12,"MMSD-P11",7,7,11
2021-04-12,"MMSD-P18",15,15,10
2021-04-12,"MMSD-P2",20,16,6
2021-04-12,"MMSD-P7",4,9,1
2021-04-12,"MMSD-P8",5,7,2
2021-04-13,"MMSD-P11",17,12,15
2021-04-13,"MMSD-P18",23,30,16
2021-04-13,"MMSD-P2",14,18,20
2021-04-13,"MMSD-P7",10,8,11
2021-04-13,"MMSD-P8",5,5,8
2021-04-14,"MMSD-P11",15,11,12
2021-04-14,"MMSD-P18",19,19,24
2021-04-14,"MMSD-P2",12,9,16
2021-04-14,"MMSD-P7",7,4,10
2021-04-14,"MMSD-P8",5,8,6
2021-04-15,"MMSD-P11",13,11,8
2021-04-15,"MMSD-P18",14,21,26
2021-04-15,"MMSD-P2",12,17,10
2021-04-15,"MMSD-P7",2,4,3
2021-04-15,"MMSD-P8",1,1,8
2021-04-16,"MMSD-P11",13,16,11
2021-04-16,"MMSD-P18",11,13,14
2021-04-16,"MMSD-P2",10,11,11
2021-04-16,"MMSD-P7",7,4,3
2021-04-16,"MMSD-P8",4,3,1
2021-04-17,"MMSD-P11",12,5,17
2021-04-17,"MMSD-P18",7,8,13
2021-04-17,"MMSD-P2",12,5,13
2021-04-17,"MMSD-P7",5,3,5
2021-04-17,"MMSD-P8",3,4,2
2021-04-18,"MMSD-P11",13,7,7
2021-04-18,"MMSD-P18",5,5,12
2021-04-18,"MMSD-P2",7,4,7
2021-04-18,"MMSD-P7",2,4,4
2021-04-18,"MMSD-P8",4,2,2
2021-04-19,"MMSD-P11",12,15,7
2021-04-19,"MMSD-P18",10,12,5
2021-04-19,"MMSD-P2",15,18,9
2021-04-19,"MMSD-P7",4,10,6
2021-04-19,"MMSD-P8",4,4,5
2021-04-20,"MMSD-P11",20,18,11
2021-04-20,"MMSD-P18",14,15,11
2021-04-20,"MMSD-P2",26,26,12
2021-04-20,"MMSD-P8",5,7,4
2021-04-21,"MMSD-P11",14,15,19
2021-04-21,"MMSD-P18",11,14,14
2021-04-21,"MMSD-P2",16,16,27
2021-04-21,"MMSD-P7",5,3,6
2021-04-21,"MMSD-P8",3,3,6
2021-04-22,"MMSD-P11",6,15,17
2021-04-22,"MMSD-P18",8,7,14
2021-04-22,"MMSD-P2",7,13,15
2021-04-22,"MMSD-P7",1,1,2
2021-04-22,"MMSD-P8",4,5,4
2021-04-23,"MMSD-P11",8,19,15
2021-04-23,"MMSD-P18",9,6,7
2021-04-23,"MMSD-P2",8,10,11
2021-04-23,"MMSD-P7",5,4,1
2021-04-23,"MMSD-P8",2,2,5
2021-04-24,"MMSD-P11",5,5,16
2021-04-24,"MMSD-P18",7,3,5
2021-04-24,"MMSD-P2",3,3,13
2021-04-24,"MMSD-P7",4,3,3
2021-04-24,"MMSD-P8",3,2,2
2021-04-25,"MMSD-P11",10,6,7
2021-04-25,"MMSD-P18",9,2,2
2021-04-25,"MMSD-P2",7,6,2
2021-04-25,"MMSD-P7",4,2,2
2021-04-25,"MMSD-P8",2,NA,2
2021-04-26,"MMSD-P11",10,9,7
2021-04-26,"MMSD-P18",18,19,9
2021-04-26,"MMSD-P2",10,10,8
2021-04-26,"MMSD-P7",3,2,4
2021-04-26,"MMSD-P8",1,2,NA
2021-04-27,"MMSD-P11",10,16,5
2021-04-27,"MMSD-P18",16,18,13
2021-04-27,"MMSD-P2",9,12,10
2021-04-27,"MMSD-P7",5,8,2
2021-04-27,"MMSD-P8",5,4,2
2021-04-28,"MMSD-P11",11,12,16
2021-04-28,"MMSD-P18",15,8,18
2021-04-28,"MMSD-P2",8,6,13
2021-04-28,"MMSD-P7",4,5,6
2021-04-28,"MMSD-P8",2,3,5
2021-04-29,"MMSD-P11",7,8,19
2021-04-29,"MMSD-P18",13,19,12
2021-04-29,"MMSD-P2",4,4,6
2021-04-29,"MMSD-P7",7,5,7
2021-04-29,"MMSD-P8",3,4,3
2021-04-30,"MMSD-P11",10,11,5
2021-04-30,"MMSD-P18",8,10,15
2021-04-30,"MMSD-P2",1,5,3
2021-04-30,"MMSD-P7",2,5,5
2021-04-30,"MMSD-P8",2,5,3
2021-05-01,"MMSD-P11",2,2,10
2021-05-01,"MMSD-P18",6,11,11
2021-05-01,"MMSD-P2",4,5,6
2021-05-01,"MMSD-P7",6,5,5
2021-05-01,"MMSD-P8",2,4,4
2021-05-02,"MMSD-P11",8,3,3
2021-05-02,"MMSD-P18",10,7,13
2021-05-02,"MMSD-P2",4,4,2
2021-05-02,"MMSD-P7",4,2,3
2021-05-02,"MMSD-P8",1,NA,4
2021-05-03,"MMSD-P11",9,13,5
2021-05-03,"MMSD-P18",10,10,3
2021-05-03,"MMSD-P2",7,4,7
2021-05-03,"MMSD-P7",4,5,2
2021-05-03,"MMSD-P8",3,2,NA
2021-05-04,"MMSD-P11",11,12,11
2021-05-04,"MMSD-P18",13,17,9
2021-05-04,"MMSD-P2",7,11,5
2021-05-04,"MMSD-P7",4,6,6
2021-05-04,"MMSD-P8",3,6,2
2021-05-05,"MMSD-P11",5,10,11
2021-05-05,"MMSD-P18",7,8,19
2021-05-05,"MMSD-P2",4,5,7
2021-05-05,"MMSD-P7",3,3,5
2021-05-05,"MMSD-P8",1,1,4
2021-05-06,"MMSD-P11",5,4,11
2021-05-06,"MMSD-P18",8,11,8
2021-05-06,"MMSD-P2",3,2,8
2021-05-06,"MMSD-P7",2,4,7
2021-05-06,"MMSD-P8",4,2,4
2021-05-07,"MMSD-P11",6,6,3
2021-05-07,"MMSD-P18",3,5,7
2021-05-07,"MMSD-P2",2,2,2
2021-05-07,"MMSD-P7",4,2,3
2021-05-07,"MMSD-P8",2,1,1
2021-05-08,"MMSD-P11",2,2,8
2021-05-08,"MMSD-P18",5,3,7
2021-05-08,"MMSD-P2",1,NA,3
2021-05-08,"MMSD-P7",2,3,1
2021-05-09,"MMSD-P11",2,3,2
2021-05-09,"MMSD-P18",1,2,2
2021-05-09,"MMSD-P2",3,1,NA
2021-05-09,"MMSD-P7",1,NA,1
2021-05-09,"MMSD-P8",3,2,3
2021-05-10,"MMSD-P11",2,4,1
2021-05-10,"MMSD-P18",8,4,3
2021-05-10,"MMSD-P2",2,1,1
2021-05-10,"MMSD-P7",1,1,2
2021-05-10,"MMSD-P8",2,NA,1
2021-05-11,"MMSD-P11",3,3,4
2021-05-11,"MMSD-P18",4,6,6
2021-05-11,"MMSD-P2",5,4,1
2021-05-11,"MMSD-P7",2,NA,1
2021-05-12,"MMSD-P11",6,4,3
2021-05-12,"MMSD-P18",10,13,6
2021-05-12,"MMSD-P2",3,4,3
2021-05-12,"MMSD-P8",4,6,1
2021-05-13,"MMSD-P11",4,5,5
2021-05-13,"MMSD-P18",5,14,11
2021-05-13,"MMSD-P2",4,6,3
2021-05-13,"MMSD-P7",1,3,2
2021-05-13,"MMSD-P8",2,3,5
2021-05-14,"MMSD-P11",10,4,5
2021-05-14,"MMSD-P18",4,2,17
2021-05-14,"MMSD-P2",3,5,7
2021-05-14,"MMSD-P7",1,NA,3
2021-05-15,"MMSD-P11",3,4,3
2021-05-15,"MMSD-P18",3,2,2
2021-05-15,"MMSD-P2",1,1,3
2021-05-15,"MMSD-P7",2,1,NA
2021-05-15,"MMSD-P8",3,NA,NA
2021-05-16,"MMSD-P11",6,6,2
2021-05-16,"MMSD-P18",3,1,NA
2021-05-16,"MMSD-P2",2,1,NA
2021-05-16,"MMSD-P7",4,4,1
2021-05-17,"MMSD-P11",6,5,3
2021-05-17,"MMSD-P18",3,3,3
2021-05-17,"MMSD-P2",2,1,5
2021-05-17,"MMSD-P7",1,2,3
2021-05-17,"MMSD-P8",2,1,2
2021-05-18,"MMSD-P11",7,13,7
2021-05-18,"MMSD-P18",3,6,2
2021-05-18,"MMSD-P2",3,3,2
2021-05-18,"MMSD-P8",2,2,1
2021-05-19,"MMSD-P11",9,3,16
2021-05-19,"MMSD-P18",3,3,8
2021-05-19,"MMSD-P2",3,NA,3
2021-05-19,"MMSD-P7",5,4,2
2021-05-19,"MMSD-P8",2,2,1
2021-05-20,"MMSD-P11",4,9,6
2021-05-20,"MMSD-P18",4,4,2
2021-05-20,"MMSD-P2",3,3,1
2021-05-20,"MMSD-P7",1,3,4
2021-05-20,"MMSD-P8",1,5,4
2021-05-21,"MMSD-P11",5,10,7
2021-05-21,"MMSD-P2",1,2,1
2021-05-21,"MMSD-P8",1,1,2
2021-05-22,"MMSD-P11",2,2,7
2021-05-22,"MMSD-P18",5,5,2
2021-05-22,"MMSD-P2",3,2,4
2021-05-23,"MMSD-P18",4,3,2
2021-05-23,"MMSD-P7",1,NA,NA
2021-05-23,"MMSD-P8",3,NA,NA
2021-05-24,"MMSD-P11",2,3,1
2021-05-24,"MMSD-P18",4,4,5
2021-05-24,"MMSD-P2",5,5,1
2021-05-24,"MMSD-P7",1,2,1
2021-05-24,"MMSD-P8",3,2,NA
2021-05-25,"MMSD-P11",3,6,3
2021-05-25,"MMSD-P18",6,3,6
2021-05-25,"MMSD-P8",4,3,1
2021-05-26,"MMSD-P11",4,3,6
2021-05-26,"MMSD-P18",4,5,2
2021-05-26,"MMSD-P7",1,NA,NA
2021-05-27,"MMSD-P11",1,1,2
2021-05-27,"MMSD-P18",4,3,2
2021-05-27,"MMSD-P2",1,1,NA
2021-05-27,"MMSD-P7",1,NA,NA
2021-05-28,"MMSD-P11",1,NA,1
2021-05-28,"MMSD-P18",2,3,5
2021-05-28,"MMSD-P2",1,2,1
2021-05-28,"MMSD-P8",2,2,2
2021-05-29,"MMSD-P11",2,1,NA
2021-05-29,"MMSD-P2",1,1,2
2021-05-29,"MMSD-P7",1,1,2
2021-05-30,"MMSD-P11",1,2,1
2021-05-31,"MMSD-P11",4,1,1
2021-05-31,"MMSD-P18",2,3,1
2021-06-01,"MMSD-P11",3,3,1
2021-06-01,"MMSD-P2",3,1,2
2021-06-01,"MMSD-P8",1,1,NA
2021-06-02,"MMSD-P11",5,7,5
2021-06-03,"MMSD-P11",2,2,6
2021-06-03,"MMSD-P18",2,2,1
2021-06-03,"MMSD-P8",2,NA,NA
2021-06-04,"MMSD-P11",1,1,2
2021-06-04,"MMSD-P2",1,NA,1
2021-06-04,"MMSD-P7",1,NA,NA
2021-06-04,"MMSD-P8",1,2,NA
2021-06-05,"MMSD-P11",2,1,1
2021-06-05,"MMSD-P18",2,1,NA
2021-06-05,"MMSD-P2",1,NA,NA
2021-06-05,"MMSD-P7",1,1,NA
2021-06-05,"MMSD-P8",1,1,1
2021-06-06,"MMSD-P11",1,2,2
2021-06-06,"MMSD-P2",1,NA,NA
2021-06-07,"MMSD-P11",4,3,2
2021-06-07,"MMSD-P2",1,3,1
2021-06-07,"MMSD-P7",1,NA,NA
2021-06-07,"MMSD-P8",1,2,2
2021-06-08,"MMSD-P18",1,1,1
2021-06-08,"MMSD-P2",1,NA,2
2021-06-09,"MMSD-P11",2,4,1
2021-06-09,"MMSD-P18",2,1,NA
2021-06-10,"MMSD-P11",5,5,8
2021-06-10,"MMSD-P18",1,3,1
2021-06-10,"MMSD-P2",4,3,NA
2021-06-10,"MMSD-P7",1,NA,NA
2021-06-11,"MMSD-P11",3,NA,5
2021-06-11,"MMSD-P18",2,1,4
2021-06-11,"MMSD-P2",1,1,3
2021-06-12,"MMSD-P11",1,3,NA
2021-06-12,"MMSD-P18",4,1,1
2021-06-12,"MMSD-P2",1,NA,1
2021-06-13,"MMSD-P11",4,1,3
2021-06-13,"MMSD-P2",1,1,NA
2021-06-13,"MMSD-P8",1,NA,NA
2021-06-14,"MMSD-P18",1,3,NA
2021-06-15,"MMSD-P11",2,2,NA
2021-06-15,"MMSD-P18",2,3,NA
2021-06-15,"MMSD-P2",2,3,NA
2021-06-15,"MMSD-P7",2,1,NA
2021-06-16,"MMSD-P11",3,2,4
2021-06-16,"MMSD-P18",1,1,5
2021-06-16,"MMSD-P2",1,3,4
2021-06-16,"MMSD-P7",3,1,1
2021-06-17,"MMSD-P18",1,2,3
2021-06-17,"MMSD-P8",1,1,NA
2021-06-18,"MMSD-P18",2,3,1
2021-06-18,"MMSD-P2",2,1,NA
2021-06-18,"MMSD-P7",1,1,1
2021-06-18,"MMSD-P8",2,2,1
2021-06-19,"MMSD-P11",1,NA,1
2021-06-19,"MMSD-P2",1,NA,1
2021-06-19,"MMSD-P8",2,NA,2
2021-06-20,"MMSD-P11",1,1,NA
2021-06-20,"MMSD-P7",1,NA,NA
2021-06-20,"MMSD-P8",1,1,NA
2021-06-21,"MMSD-P18",1,NA,NA
2021-06-21,"MMSD-P2",3,2,NA
2021-06-22,"MMSD-P11",2,1,1
2021-06-22,"MMSD-P18",2,1,NA
2021-06-22,"MMSD-P2",1,NA,1
2021-06-22,"MMSD-P7",2,1,2
2021-06-23,"MMSD-P11",2,2,1
2021-06-23,"MMSD-P18",1,NA,1
2021-06-23,"MMSD-P7",1,NA,NA
2021-06-23,"MMSD-P8",2,2,1
2021-06-24,"MMSD-P18",1,NA,1
2021-06-24,"MMSD-P2",1,2,2
2021-06-25,"MMSD-P11",2,3,NA
2021-06-25,"MMSD-P18",2,1,NA
2021-06-25,"MMSD-P2",1,2,2
2021-06-25,"MMSD-P8",2,2,1
2021-06-26,"MMSD-P11",2,1,2
2021-06-26,"MMSD-P18",3,5,2
2021-06-26,"MMSD-P2",1,1,3
2021-06-27,"MMSD-P8",1,NA,1
2021-06-28,"MMSD-P18",1,1,4
2021-06-28,"MMSD-P2",1,NA,NA
2021-06-28,"MMSD-P7",1,1,NA
2021-06-28,"MMSD-P8",1,1,NA
2021-06-29,"MMSD-P11",4,2,1
2021-06-29,"MMSD-P18",3,3,NA
2021-06-29,"MMSD-P2",2,2,1
2021-06-29,"MMSD-P7",1,2,3
2021-06-29,"MMSD-P8",2,2,1
2021-06-30,"MMSD-P11",2,4,1
2021-06-30,"MMSD-P18",1,1,5
2021-06-30,"MMSD-P7",1,2,1
2021-06-30,"MMSD-P8",2,NA,1
2021-07-01,"MMSD-P11",1,NA,1
2021-07-01,"MMSD-P18",3,1,1
2021-07-01,"MMSD-P2",1,2,1
2021-07-01,"MMSD-P7",3,NA,1
2021-07-01,"MMSD-P8",2,2,1
2021-07-02,"MMSD-P11",2,1,3
2021-07-02,"MMSD-P18",2,3,NA
2021-07-02,"MMSD-P2",1,NA,2
2021-07-02,"MMSD-P7",1,2,NA
2021-07-02,"MMSD-P8",2,NA,2
2021-07-03,"MMSD-P18",3,NA,1
2021-07-03,"MMSD-P2",1,NA,NA
2021-07-03,"MMSD-P8",1,2,NA
2021-07-04,"MMSD-P11",3,1,1
2021-07-04,"MMSD-P2",1,1,NA
2021-07-04,"MMSD-P7",1,NA,NA
2021-07-04,"MMSD-P8",1,1,NA
2021-07-05,"MMSD-P11",2,2,NA
2021-07-05,"MMSD-P18",3,3,NA
2021-07-05,"MMSD-P2",1,1,NA
2021-07-05,"MMSD-P7",2,NA,NA
2021-07-06,"MMSD-P11",1,1,1
2021-07-06,"MMSD-P18",2,5,3
2021-07-06,"MMSD-P2",1,NA,1
2021-07-06,"MMSD-P7",1,1,NA
2021-07-06,"MMSD-P8",2,1,3
2021-07-07,"MMSD-P11",2,5,2
2021-07-07,"MMSD-P18",1,2,4
2021-07-07,"MMSD-P2",2,1,1
2021-07-07,"MMSD-P8",1,NA,3
2021-07-08,"MMSD-P11",6,4,4
2021-07-08,"MMSD-P18",1,NA,5
2021-07-08,"MMSD-P2",2,NA,NA
2021-07-08,"MMSD-P8",1,3,NA
2021-07-09,"MMSD-P11",2,1,5
2021-07-09,"MMSD-P18",1,1,NA
2021-07-09,"MMSD-P2",2,3,1
2021-07-09,"MMSD-P7",1,1,NA
2021-07-09,"MMSD-P8",2,1,3
2021-07-10,"MMSD-P18",7,5,1
2021-07-10,"MMSD-P2",3,2,3
2021-07-10,"MMSD-P7",2,NA,NA
2021-07-10,"MMSD-P8",1,NA,1
2021-07-11,"MMSD-P11",3,3,NA
2021-07-11,"MMSD-P18",3,2,5
2021-07-11,"MMSD-P2",2,3,2
2021-07-11,"MMSD-P7",2,1,1
2021-07-12,"MMSD-P11",4,NA,3
2021-07-12,"MMSD-P18",6,3,3
2021-07-12,"MMSD-P7",3,6,2
2021-07-13,"MMSD-P11",4,3,NA
2021-07-13,"MMSD-P18",2,6,1
2021-07-13,"MMSD-P2",1,2,1
2021-07-13,"MMSD-P7",2,3,1
2021-07-13,"MMSD-P8",1,1,NA
2021-07-14,"MMSD-P11",2,3,3
2021-07-14,"MMSD-P18",5,2,7
2021-07-14,"MMSD-P2",4,3,3
2021-07-14,"MMSD-P7",3,1,5
2021-07-14,"MMSD-P8",3,5,1
2021-07-15,"MMSD-P11",1,4,2
2021-07-15,"MMSD-P18",6,4,2
2021-07-15,"MMSD-P2",4,3,2
2021-07-15,"MMSD-P7",1,1,2
2021-07-15,"MMSD-P8",6,2,4
2021-07-16,"MMSD-P11",9,3,5
2021-07-16,"MMSD-P18",2,3,4
2021-07-16,"MMSD-P2",2,1,3
2021-07-16,"MMSD-P7",2,1,1
2021-07-16,"MMSD-P8",3,2,2
2021-07-17,"MMSD-P11",3,6,2
2021-07-17,"MMSD-P18",4,1,3
2021-07-17,"MMSD-P2",1,NA,2
2021-07-17,"MMSD-P8",4,2,4
2021-07-18,"MMSD-P11",9,2,3
2021-07-18,"MMSD-P18",7,6,1
2021-07-18,"MMSD-P2",3,NA,NA
2021-07-18,"MMSD-P7",3,3,4
2021-07-18,"MMSD-P8",1,1,1
2021-07-19,"MMSD-P11",4,2,4
2021-07-19,"MMSD-P18",15,6,7
2021-07-19,"MMSD-P2",4,3,1
2021-07-19,"MMSD-P7",1,NA,3
2021-07-19,"MMSD-P8",7,2,1
2021-07-20,"MMSD-P11",7,11,3
2021-07-20,"MMSD-P18",10,8,5
2021-07-20,"MMSD-P2",7,4,2
2021-07-20,"MMSD-P7",2,3,1
2021-07-20,"MMSD-P8",2,5,3
2021-07-21,"MMSD-P11",10,7,9
2021-07-21,"MMSD-P18",6,11,3
2021-07-21,"MMSD-P2",6,6,5
2021-07-21,"MMSD-P7",3,3,1
2021-07-21,"MMSD-P8",2,3,3
2021-07-22,"MMSD-P11",9,5,9
2021-07-22,"MMSD-P18",11,10,13
2021-07-22,"MMSD-P2",10,4,4
2021-07-22,"MMSD-P7",3,2,4
2021-07-22,"MMSD-P8",2,3,2
2021-07-23,"MMSD-P11",15,16,6
2021-07-23,"MMSD-P18",12,9,12
2021-07-23,"MMSD-P2",8,7,9
2021-07-23,"MMSD-P7",3,1,2
2021-07-23,"MMSD-P8",6,4,6
2021-07-24,"MMSD-P11",17,8,13
2021-07-24,"MMSD-P18",8,10,6
2021-07-24,"MMSD-P2",8,5,NA
2021-07-24,"MMSD-P7",6,1,1
2021-07-24,"MMSD-P8",5,1,2
2021-07-25,"MMSD-P11",8,3,8
2021-07-25,"MMSD-P18",13,8,13
2021-07-25,"MMSD-P2",11,4,7
2021-07-25,"MMSD-P7",1,2,1
2021-07-25,"MMSD-P8",3,2,2
2021-07-26,"MMSD-P11",7,15,4
2021-07-26,"MMSD-P18",18,14,10
2021-07-26,"MMSD-P2",18,14,5
2021-07-26,"MMSD-P7",6,7,2
2021-07-26,"MMSD-P8",8,6,2
2021-07-27,"MMSD-P11",19,21,13
2021-07-27,"MMSD-P18",12,6,8
2021-07-27,"MMSD-P2",16,20,13
2021-07-27,"MMSD-P7",2,2,4
2021-07-27,"MMSD-P8",7,9,6
2021-07-28,"MMSD-P11",11,16,25
2021-07-28,"MMSD-P18",17,27,12
2021-07-28,"MMSD-P2",11,13,11
2021-07-28,"MMSD-P7",2,3,4
2021-07-28,"MMSD-P8",16,9,9
2021-07-29,"MMSD-P11",15,15,16
2021-07-29,"MMSD-P18",14,22,19
2021-07-29,"MMSD-P2",18,20,15
2021-07-29,"MMSD-P7",7,6,3
2021-07-29,"MMSD-P8",12,16,7
2021-07-30,"MMSD-P11",7,11,11
2021-07-30,"MMSD-P18",14,9,17
2021-07-30,"MMSD-P2",10,13,20
2021-07-30,"MMSD-P7",2,6,4
2021-07-30,"MMSD-P8",6,9,14
2021-07-31,"MMSD-P11",10,10,5
2021-07-31,"MMSD-P18",13,12,14
2021-07-31,"MMSD-P2",13,13,14
2021-07-31,"MMSD-P7",5,4,6
2021-07-31,"MMSD-P8",3,7,8
2021-08-01,"MMSD-P11",13,8,12
2021-08-01,"MMSD-P18",8,12,10
2021-08-01,"MMSD-P2",11,5,8
2021-08-01,"MMSD-P7",6,NA,5
2021-08-01,"MMSD-P8",11,8,4
2021-08-02,"MMSD-P11",19,17,14
2021-08-02,"MMSD-P18",15,23,15
2021-08-02,"MMSD-P2",14,18,16
2021-08-02,"MMSD-P7",3,3,1
2021-08-02,"MMSD-P8",11,16,21
2021-08-03,"MMSD-P11",25,30,17
2021-08-03,"MMSD-P18",17,15,24
2021-08-03,"MMSD-P2",13,16,13
2021-08-03,"MMSD-P7",10,8,3
2021-08-03,"MMSD-P8",9,8,7
2021-08-04,"MMSD-P11",16,17,30
2021-08-04,"MMSD-P18",21,21,19
2021-08-04,"MMSD-P2",13,18,20
2021-08-04,"MMSD-P7",4,5,5
2021-08-04,"MMSD-P8",11,12,12
2021-08-05,"MMSD-P11",16,20,14
2021-08-05,"MMSD-P18",21,23,19
2021-08-05,"MMSD-P2",13,20,20
2021-08-05,"MMSD-P7",9,12,12
2021-08-05,"MMSD-P8",6,10,7
2021-08-06,"MMSD-P11",14,16,18
2021-08-06,"MMSD-P18",25,21,18
2021-08-06,"MMSD-P2",17,14,20
2021-08-06,"MMSD-P7",13,8,8
2021-08-06,"MMSD-P8",10,7,12
2021-08-07,"MMSD-P11",20,16,7
2021-08-07,"MMSD-P18",16,7,20
2021-08-07,"MMSD-P2",10,4,8
2021-08-07,"MMSD-P7",5,5,3
2021-08-07,"MMSD-P8",3,3,3
2021-08-08,"MMSD-P11",15,3,21
2021-08-08,"MMSD-P18",16,8,11
2021-08-08,"MMSD-P2",10,NA,7
2021-08-08,"MMSD-P7",6,7,6
2021-08-08,"MMSD-P8",6,2,8
2021-08-09,"MMSD-P11",19,19,14
2021-08-09,"MMSD-P18",15,14,12
2021-08-09,"MMSD-P2",16,18,4
2021-08-09,"MMSD-P7",8,8,5
2021-08-09,"MMSD-P8",16,11,4
2021-08-10,"MMSD-P11",20,16,16
2021-08-10,"MMSD-P18",25,21,10
2021-08-10,"MMSD-P2",10,16,9
2021-08-10,"MMSD-P7",14,8,10
2021-08-10,"MMSD-P8",11,12,7
2021-08-11,"MMSD-P11",16,21,21
2021-08-11,"MMSD-P18",23,23,20
2021-08-11,"MMSD-P2",13,11,17
2021-08-11,"MMSD-P7",11,17,11
2021-08-11,"MMSD-P8",15,14,13
2021-08-12,"MMSD-P11",20,27,18
2021-08-12,"MMSD-P18",22,30,19
2021-08-12,"MMSD-P2",15,19,12
2021-08-12,"MMSD-P7",13,12,19
2021-08-12,"MMSD-P8",9,20,14
2021-08-13,"MMSD-P11",15,8,21
2021-08-13,"MMSD-P18",17,18,28
2021-08-13,"MMSD-P2",8,5,14
2021-08-13,"MMSD-P7",6,4,11
2021-08-13,"MMSD-P8",10,8,19
2021-08-14,"MMSD-P11",18,21,10
2021-08-14,"MMSD-P18",26,25,17
2021-08-14,"MMSD-P2",6,6,13
2021-08-14,"MMSD-P7",8,11,1
2021-08-14,"MMSD-P8",7,2,5
2021-08-15,"MMSD-P11",15,4,16
2021-08-15,"MMSD-P18",25,16,23
2021-08-15,"MMSD-P2",7,4,5
2021-08-15,"MMSD-P7",10,2,13
2021-08-15,"MMSD-P8",3,4,4
2021-08-16,"MMSD-P11",30,30,14
2021-08-16,"MMSD-P18",30,29,18
2021-08-16,"MMSD-P2",12,14,6
2021-08-16,"MMSD-P7",14,15,5
2021-08-16,"MMSD-P8",6,5,9
2021-08-17,"MMSD-P11",25,30,17
2021-08-17,"MMSD-P18",24,30,23
2021-08-17,"MMSD-P2",22,24,11
2021-08-17,"MMSD-P7",16,13,11
2021-08-17,"MMSD-P8",10,11,6
2021-08-18,"MMSD-P11",16,23,28
2021-08-18,"MMSD-P18",25,25,19
2021-08-18,"MMSD-P2",10,7,22
2021-08-18,"MMSD-P7",14,16,9
2021-08-18,"MMSD-P8",16,10,8
2021-08-19,"MMSD-P11",33,27,26
2021-08-19,"MMSD-P18",23,21,36
2021-08-19,"MMSD-P2",6,10,5
2021-08-19,"MMSD-P7",18,16,16
2021-08-19,"MMSD-P8",8,14,10
2021-08-20,"MMSD-P11",27,23,21
2021-08-20,"MMSD-P18",24,23,23
2021-08-20,"MMSD-P2",5,12,10
2021-08-20,"MMSD-P7",7,9,15
2021-08-20,"MMSD-P8",12,13,13
2021-08-21,"MMSD-P11",12,5,13
2021-08-21,"MMSD-P18",23,25,7
2021-08-21,"MMSD-P2",5,4,7
2021-08-21,"MMSD-P7",10,4,6
2021-08-21,"MMSD-P8",3,4,2
2021-08-22,"MMSD-P11",17,16,15
2021-08-22,"MMSD-P18",17,15,20
2021-08-22,"MMSD-P2",8,4,6
2021-08-22,"MMSD-P7",6,3,3
2021-08-22,"MMSD-P8",9,6,10
2021-08-23,"MMSD-P11",25,26,13
2021-08-23,"MMSD-P18",32,28,26
2021-08-23,"MMSD-P2",13,11,3
2021-08-23,"MMSD-P7",6,23,7
2021-08-23,"MMSD-P8",11,10,3
2021-08-24,"MMSD-P11",24,24,21
2021-08-24,"MMSD-P18",24,28,28
2021-08-24,"MMSD-P2",18,13,11
2021-08-24,"MMSD-P7",9,7,21
2021-08-24,"MMSD-P8",9,7,9
2021-08-25,"MMSD-P11",17,19,23
2021-08-25,"MMSD-P18",21,19,26
2021-08-25,"MMSD-P2",12,16,13
2021-08-25,"MMSD-P7",7,12,7
2021-08-25,"MMSD-P8",12,11,11
2021-08-26,"MMSD-P11",20,26,26
2021-08-26,"MMSD-P18",26,31,30
2021-08-26,"MMSD-P2",14,14,21
2021-08-26,"MMSD-P7",8,5,19
2021-08-26,"MMSD-P8",14,15,18
2021-08-27,"MMSD-P11",23,26,43
2021-08-27,"MMSD-P18",19,20,31
2021-08-27,"MMSD-P2",6,9,15
2021-08-27,"MMSD-P7",4,5,6
2021-08-27,"MMSD-P8",4,6,16
2021-08-28,"MMSD-P11",14,12,5
2021-08-28,"MMSD-P18",10,9,11
2021-08-28,"MMSD-P2",11,11,2
2021-08-28,"MMSD-P7",6,4,1
2021-08-28,"MMSD-P8",8,6,1
2021-08-29,"MMSD-P11",15,12,13
2021-08-29,"MMSD-P18",13,6,10
2021-08-29,"MMSD-P2",8,3,8
2021-08-29,"MMSD-P7",5,3,3
2021-08-29,"MMSD-P8",9,6,3
2021-08-30,"MMSD-P11",22,27,22
2021-08-30,"MMSD-P18",27,27,19
2021-08-30,"MMSD-P2",25,20,14
2021-08-30,"MMSD-P7",9,8,8
2021-08-30,"MMSD-P8",7,6,9
2021-08-31,"MMSD-P11",22,16,20
2021-08-31,"MMSD-P18",31,29,23
2021-08-31,"MMSD-P2",14,17,15
2021-08-31,"MMSD-P7",8,12,8
2021-08-31,"MMSD-P8",7,14,6
2021-09-01,"MMSD-P11",19,20,23
2021-09-01,"MMSD-P18",36,28,38
2021-09-01,"MMSD-P2",19,16,17
2021-09-01,"MMSD-P7",7,10,13
2021-09-01,"MMSD-P8",9,7,13
2021-09-02,"MMSD-P11",18,21,20
2021-09-02,"MMSD-P18",27,40,23
2021-09-02,"MMSD-P2",12,18,16
2021-09-02,"MMSD-P7",9,5,4
2021-09-02,"MMSD-P8",7,7,9
2021-09-03,"MMSD-P11",11,13,17
2021-09-03,"MMSD-P18",29,24,29
2021-09-03,"MMSD-P2",10,11,20
2021-09-03,"MMSD-P7",1,5,13
2021-09-03,"MMSD-P8",8,9,10
2021-09-04,"MMSD-P11",15,15,7
2021-09-04,"MMSD-P18",23,25,11
2021-09-04,"MMSD-P2",16,11,6
2021-09-04,"MMSD-P7",3,4,NA
2021-09-04,"MMSD-P8",5,6,2
2021-09-05,"MMSD-P11",10,10,23
2021-09-05,"MMSD-P18",16,9,28
2021-09-05,"MMSD-P2",14,5,15
2021-09-05,"MMSD-P7",10,9,5
2021-09-05,"MMSD-P8",11,11,8
2021-09-06,"MMSD-P11",18,8,14
2021-09-06,"MMSD-P18",18,7,20
2021-09-06,"MMSD-P2",12,3,7
2021-09-06,"MMSD-P7",4,3,8
2021-09-06,"MMSD-P8",10,5,16
2021-09-07,"MMSD-P11",20,26,11
2021-09-07,"MMSD-P18",36,46,11
2021-09-07,"MMSD-P2",30,30,5
2021-09-07,"MMSD-P7",17,10,3
2021-09-07,"MMSD-P8",26,16,3
2021-09-08,"MMSD-P11",23,35,26
2021-09-08,"MMSD-P18",23,35,43
2021-09-08,"MMSD-P2",35,37,27
2021-09-08,"MMSD-P7",12,13,10
2021-09-08,"MMSD-P8",13,19,15
2021-09-09,"MMSD-P11",17,22,11
2021-09-09,"MMSD-P18",14,20,16
2021-09-09,"MMSD-P2",38,44,37
2021-09-09,"MMSD-P7",9,14,3
2021-09-09,"MMSD-P8",25,29,18
2021-09-10,"MMSD-P11",13,11,23
2021-09-10,"MMSD-P18",18,23,28
2021-09-10,"MMSD-P2",19,24,14
2021-09-10,"MMSD-P7",11,11,9
2021-09-10,"MMSD-P8",13,20,20
2021-09-11,"MMSD-P11",14,12,1
2021-09-11,"MMSD-P18",16,12,NA
2021-09-11,"MMSD-P2",25,9,1
2021-09-11,"MMSD-P7",4,6,2
2021-09-11,"MMSD-P8",15,4,NA
2021-09-12,"MMSD-P11",7,4,4
2021-09-12,"MMSD-P18",19,11,1
2021-09-12,"MMSD-P2",29,11,27
2021-09-12,"MMSD-P7",8,3,NA
2021-09-12,"MMSD-P8",13,6,8
2021-09-13,"MMSD-P11",32,33,16
2021-09-13,"MMSD-P18",33,42,16
2021-09-13,"MMSD-P2",45,52,19
2021-09-13,"MMSD-P7",8,7,10
2021-09-13,"MMSD-P8",29,21,16
2021-09-14,"MMSD-P11",29,32,27
2021-09-14,"MMSD-P18",32,23,41
2021-09-14,"MMSD-P2",65,55,43
2021-09-14,"MMSD-P7",13,20,17
2021-09-14,"MMSD-P8",14,22,18
2021-09-15,"MMSD-P11",27,20,27
2021-09-15,"MMSD-P18",30,35,40
2021-09-15,"MMSD-P2",34,52,51
2021-09-15,"MMSD-P7",6,7,14
2021-09-15,"MMSD-P8",16,28,17
2021-09-16,"MMSD-P11",21,23,22
2021-09-16,"MMSD-P18",27,26,34
2021-09-16,"MMSD-P2",26,43,30
2021-09-16,"MMSD-P7",14,11,13
2021-09-16,"MMSD-P8",9,18,19
2021-09-17,"MMSD-P11",26,27,38
2021-09-17,"MMSD-P18",36,30,48
2021-09-17,"MMSD-P2",19,26,78
2021-09-17,"MMSD-P7",9,5,16
2021-09-17,"MMSD-P8",13,13,45
2021-09-18,"MMSD-P11",17,15,9
2021-09-18,"MMSD-P18",24,29,14
2021-09-18,"MMSD-P2",16,7,19
2021-09-18,"MMSD-P7",14,12,6
2021-09-18,"MMSD-P8",12,6,5
2021-09-19,"MMSD-P11",8,3,19
2021-09-19,"MMSD-P18",16,10,10
2021-09-19,"MMSD-P2",13,5,22
2021-09-19,"MMSD-P7",4,4,2
2021-09-19,"MMSD-P8",5,7,11
2021-09-20,"MMSD-P11",18,21,41
2021-09-20,"MMSD-P18",28,43,60
2021-09-20,"MMSD-P2",18,36,38
2021-09-20,"MMSD-P7",10,12,22
2021-09-20,"MMSD-P8",9,10,17
2021-09-21,"MMSD-P11",19,17,12
2021-09-21,"MMSD-P18",27,22,35
2021-09-21,"MMSD-P2",36,25,14
2021-09-21,"MMSD-P7",11,11,5
2021-09-21,"MMSD-P8",7,10,8
2021-09-22,"MMSD-P11",21,24,17
2021-09-22,"MMSD-P18",31,42,29
2021-09-22,"MMSD-P2",14,20,39
2021-09-22,"MMSD-P7",10,12,13
2021-09-22,"MMSD-P8",3,6,14
2021-09-23,"MMSD-P11",18,22,21
2021-09-23,"MMSD-P18",26,22,33
2021-09-23,"MMSD-P2",18,23,17
2021-09-23,"MMSD-P7",5,15,12
2021-09-23,"MMSD-P8",7,10,2
2021-09-24,"MMSD-P11",23,18,26
2021-09-24,"MMSD-P18",26,28,35
2021-09-24,"MMSD-P2",17,14,28
2021-09-24,"MMSD-P7",9,5,13
2021-09-24,"MMSD-P8",14,10,10
2021-09-25,"MMSD-P11",18,17,8
2021-09-25,"MMSD-P18",22,11,6
2021-09-25,"MMSD-P2",14,11,7
2021-09-25,"MMSD-P7",3,4,2
2021-09-25,"MMSD-P8",13,6,4
2021-09-26,"MMSD-P11",9,4,9
2021-09-26,"MMSD-P18",28,16,14
2021-09-26,"MMSD-P2",10,9,2
2021-09-26,"MMSD-P7",5,3,3
2021-09-26,"MMSD-P8",9,9,3
2021-09-27,"MMSD-P11",20,21,25
2021-09-27,"MMSD-P18",41,37,29
2021-09-27,"MMSD-P2",27,30,15
2021-09-27,"MMSD-P7",17,11,15
2021-09-27,"MMSD-P8",13,16,16
2021-09-28,"MMSD-P11",30,24,19
2021-09-28,"MMSD-P18",36,46,37
2021-09-28,"MMSD-P2",17,28,30
2021-09-28,"MMSD-P7",8,8,9
2021-09-28,"MMSD-P8",17,13,12
2021-09-29,"MMSD-P11",19,23,9
2021-09-29,"MMSD-P18",43,41,27
2021-09-29,"MMSD-P2",27,21,23
2021-09-29,"MMSD-P7",15,16,7
2021-09-29,"MMSD-P8",14,13,5
2021-09-30,"MMSD-P11",26,32,31
2021-09-30,"MMSD-P18",23,25,53
2021-09-30,"MMSD-P2",19,20,29
2021-09-30,"MMSD-P7",23,21,14
2021-09-30,"MMSD-P8",12,14,18
2021-10-01,"MMSD-P11",22,21,25
2021-10-01,"MMSD-P18",18,19,24
2021-10-01,"MMSD-P2",4,12,20
2021-10-01,"MMSD-P7",16,17,13
2021-10-01,"MMSD-P8",19,21,12
2021-10-02,"MMSD-P11",18,21,12
2021-10-02,"MMSD-P18",20,14,6
2021-10-02,"MMSD-P2",11,9,4
2021-10-02,"MMSD-P7",9,11,1
2021-10-02,"MMSD-P8",7,7,10
2021-10-03,"MMSD-P11",17,14,20
2021-10-03,"MMSD-P18",15,20,17
2021-10-03,"MMSD-P2",9,5,5
2021-10-03,"MMSD-P7",9,7,11
2021-10-03,"MMSD-P8",8,7,5
2021-10-04,"MMSD-P11",11,18,33
2021-10-04,"MMSD-P18",34,31,42
2021-10-04,"MMSD-P2",21,24,23
2021-10-04,"MMSD-P7",17,16,34
2021-10-04,"MMSD-P8",18,21,28
2021-10-05,"MMSD-P11",23,24,19
2021-10-05,"MMSD-P18",27,33,26
2021-10-05,"MMSD-P2",16,13,23
2021-10-05,"MMSD-P7",13,16,15
2021-10-05,"MMSD-P8",12,8,19
2021-10-06,"MMSD-P11",23,28,16
2021-10-06,"MMSD-P18",32,30,20
2021-10-06,"MMSD-P2",14,20,12
2021-10-06,"MMSD-P7",14,16,11
2021-10-06,"MMSD-P8",17,17,9
2021-10-07,"MMSD-P11",24,24,35
2021-10-07,"MMSD-P18",30,23,29
2021-10-07,"MMSD-P2",13,11,18
2021-10-07,"MMSD-P7",19,19,15
2021-10-07,"MMSD-P8",11,14,11
2021-10-08,"MMSD-P11",18,13,24
2021-10-08,"MMSD-P18",23,37,33
2021-10-08,"MMSD-P2",10,9,13
2021-10-08,"MMSD-P7",6,8,16
2021-10-08,"MMSD-P8",9,5,14
2021-10-09,"MMSD-P11",13,12,7
2021-10-09,"MMSD-P18",19,17,14
2021-10-09,"MMSD-P2",9,4,4
2021-10-09,"MMSD-P7",9,6,6
2021-10-09,"MMSD-P8",8,5,7
2021-10-10,"MMSD-P11",14,4,7
2021-10-10,"MMSD-P18",15,10,19
2021-10-10,"MMSD-P2",11,5,3
2021-10-10,"MMSD-P7",5,3,2
2021-10-10,"MMSD-P8",8,3,4
2021-10-11,"MMSD-P11",15,16,24
2021-10-11,"MMSD-P18",35,35,46
2021-10-11,"MMSD-P2",26,26,12
2021-10-11,"MMSD-P7",9,14,22
2021-10-11,"MMSD-P8",4,16,19
2021-10-12,"MMSD-P11",12,16,15
2021-10-12,"MMSD-P18",19,26,22
2021-10-12,"MMSD-P2",13,14,24
2021-10-12,"MMSD-P7",6,7,7
2021-10-12,"MMSD-P8",14,10,11
2021-10-13,"MMSD-P11",23,25,14
2021-10-13,"MMSD-P18",19,21,32
2021-10-13,"MMSD-P2",13,28,10
2021-10-13,"MMSD-P7",10,8,13
2021-10-13,"MMSD-P8",5,6,9
2021-10-14,"MMSD-P11",15,20,18
2021-10-14,"MMSD-P18",19,13,17
2021-10-14,"MMSD-P2",10,10,26
2021-10-14,"MMSD-P7",2,6,7
2021-10-14,"MMSD-P8",11,11,9
2021-10-15,"MMSD-P11",22,15,21
2021-10-15,"MMSD-P18",13,18,17
2021-10-15,"MMSD-P2",6,7,15
2021-10-15,"MMSD-P7",3,5,4
2021-10-15,"MMSD-P8",12,15,9
2021-10-16,"MMSD-P11",11,10,5
2021-10-16,"MMSD-P18",12,9,5
2021-10-16,"MMSD-P2",3,4,9
2021-10-16,"MMSD-P7",2,2,4
2021-10-16,"MMSD-P8",10,7,9
2021-10-17,"MMSD-P11",15,9,20
2021-10-17,"MMSD-P18",12,7,17
2021-10-17,"MMSD-P2",8,2,5
2021-10-17,"MMSD-P7",5,1,4
2021-10-17,"MMSD-P8",5,2,11
2021-10-18,"MMSD-P11",16,19,14
2021-10-18,"MMSD-P18",17,22,17
2021-10-18,"MMSD-P2",10,9,6
2021-10-18,"MMSD-P7",6,4,4
2021-10-18,"MMSD-P8",8,8,6
2021-10-19,"MMSD-P11",18,15,14
2021-10-19,"MMSD-P18",22,19,10
2021-10-19,"MMSD-P2",16,16,4
2021-10-19,"MMSD-P7",8,9,2
2021-10-19,"MMSD-P8",14,10,6
2021-10-20,"MMSD-P11",16,23,21
2021-10-20,"MMSD-P18",16,20,16
2021-10-20,"MMSD-P2",8,7,14
2021-10-20,"MMSD-P7",6,5,11
2021-10-20,"MMSD-P8",7,12,11
2021-10-21,"MMSD-P11",9,14,16
2021-10-21,"MMSD-P18",22,14,26
2021-10-21,"MMSD-P2",10,15,10
2021-10-21,"MMSD-P7",4,4,5
2021-10-21,"MMSD-P8",9,10,11
2021-10-22,"MMSD-P11",21,18,25
2021-10-22,"MMSD-P18",14,21,19
2021-10-22,"MMSD-P2",3,4,14
2021-10-22,"MMSD-P7",9,8,3
2021-10-22,"MMSD-P8",9,8,12
2021-10-23,"MMSD-P11",7,8,5
2021-10-23,"MMSD-P18",15,17,10
2021-10-23,"MMSD-P2",8,5,5
2021-10-23,"MMSD-P7",8,6,2
2021-10-23,"MMSD-P8",5,4,2
2021-10-24,"MMSD-P11",11,10,13
2021-10-24,"MMSD-P18",14,5,10
2021-10-24,"MMSD-P2",8,2,4
2021-10-24,"MMSD-P7",9,4,6
2021-10-24,"MMSD-P8",4,1,3
2021-10-25,"MMSD-P11",11,12,17
2021-10-25,"MMSD-P18",18,24,29
2021-10-25,"MMSD-P2",12,12,8
2021-10-25,"MMSD-P7",13,7,10
2021-10-25,"MMSD-P8",11,9,11
2021-10-26,"MMSD-P11",16,14,7
2021-10-26,"MMSD-P18",19,19,24
2021-10-26,"MMSD-P2",13,16,7
2021-10-26,"MMSD-P7",12,12,6
2021-10-26,"MMSD-P8",8,7,4
2021-10-27,"MMSD-P11",20,15,15
2021-10-27,"MMSD-P18",15,9,18
2021-10-27,"MMSD-P2",12,11,12
2021-10-27,"MMSD-P7",7,13,5
2021-10-27,"MMSD-P8",8,13,11
2021-10-28,"MMSD-P11",12,15,23
2021-10-28,"MMSD-P18",28,32,11
2021-10-28,"MMSD-P2",8,7,15
2021-10-28,"MMSD-P7",8,10,13
2021-10-28,"MMSD-P8",14,12,11
2021-10-29,"MMSD-P11",15,16,11
2021-10-29,"MMSD-P18",19,17,23
2021-10-29,"MMSD-P2",9,15,10
2021-10-29,"MMSD-P7",9,11,16
2021-10-29,"MMSD-P8",9,15,13
2021-10-30,"MMSD-P11",10,4,7
2021-10-30,"MMSD-P18",16,14,12
2021-10-30,"MMSD-P2",6,5,4
2021-10-30,"MMSD-P7",7,7,7
2021-10-30,"MMSD-P8",13,10,11
2021-10-31,"MMSD-P11",8,8,5
2021-10-31,"MMSD-P18",21,13,16
2021-10-31,"MMSD-P2",11,8,5
2021-10-31,"MMSD-P7",3,2,6
2021-10-31,"MMSD-P8",9,3,3
2021-11-01,"MMSD-P11",22,23,11
2021-11-01,"MMSD-P18",19,31,16
2021-11-01,"MMSD-P2",19,10,6
2021-11-01,"MMSD-P7",16,8,7
2021-11-01,"MMSD-P8",9,14,14
2021-11-02,"MMSD-P11",19,21,12
2021-11-02,"MMSD-P18",25,30,30
2021-11-02,"MMSD-P2",20,19,16
2021-11-02,"MMSD-P7",24,22,6
2021-11-02,"MMSD-P8",12,11,8
2021-11-03,"MMSD-P11",26,24,31
2021-11-03,"MMSD-P18",30,21,26
2021-11-03,"MMSD-P2",34,31,16
2021-11-03,"MMSD-P7",11,13,9
2021-11-03,"MMSD-P8",14,12,14
2021-11-04,"MMSD-P11",14,24,23
2021-11-04,"MMSD-P18",33,33,30
2021-11-04,"MMSD-P2",20,21,25
2021-11-04,"MMSD-P7",11,9,20
2021-11-04,"MMSD-P8",12,16,15
2021-11-05,"MMSD-P11",16,14,17
2021-11-05,"MMSD-P18",26,23,24
2021-11-05,"MMSD-P2",12,21,26
2021-11-05,"MMSD-P7",8,13,16
2021-11-05,"MMSD-P8",15,17,12
2021-11-06,"MMSD-P11",15,16,7
2021-11-06,"MMSD-P18",17,22,16
2021-11-06,"MMSD-P2",10,9,11
2021-11-06,"MMSD-P7",4,10,3
2021-11-06,"MMSD-P8",11,13,7
2021-11-07,"MMSD-P11",9,8,14
2021-11-07,"MMSD-P18",24,20,8
2021-11-07,"MMSD-P2",6,4,5
2021-11-07,"MMSD-P7",8,5,5
2021-11-07,"MMSD-P8",8,5,10
2021-11-08,"MMSD-P11",31,33,21
2021-11-08,"MMSD-P18",35,38,43
2021-11-08,"MMSD-P2",25,26,24
2021-11-08,"MMSD-P7",18,17,16
2021-11-08,"MMSD-P8",27,24,19
2021-11-09,"MMSD-P11",26,23,23
2021-11-09,"MMSD-P18",37,30,36
2021-11-09,"MMSD-P2",28,22,15
2021-11-09,"MMSD-P7",11,16,10
2021-11-09,"MMSD-P8",7,11,15
2021-11-10,"MMSD-P11",31,34,25
2021-11-10,"MMSD-P18",42,40,36
2021-11-10,"MMSD-P2",27,30,23
2021-11-10,"MMSD-P7",15,16,19
2021-11-10,"MMSD-P8",6,10,16
2021-11-11,"MMSD-P11",27,23,26
2021-11-11,"MMSD-P18",23,34,30
2021-11-11,"MMSD-P2",16,22,24
2021-11-11,"MMSD-P7",11,15,18
2021-11-11,"MMSD-P8",6,9,14
2021-11-12,"MMSD-P11",30,39,31
2021-11-12,"MMSD-P18",42,37,32
2021-11-12,"MMSD-P2",22,24,26
2021-11-12,"MMSD-P7",15,13,10
2021-11-12,"MMSD-P8",9,13,12
2021-11-13,"MMSD-P11",19,15,7
2021-11-13,"MMSD-P18",35,30,15
2021-11-13,"MMSD-P2",14,11,4
2021-11-13,"MMSD-P7",18,17,2
2021-11-13,"MMSD-P8",8,8,1
2021-11-14,"MMSD-P11",21,5,14
2021-11-14,"MMSD-P18",15,18,15
2021-11-14,"MMSD-P2",8,4,9
2021-11-14,"MMSD-P7",4,1,5
2021-11-14,"MMSD-P8",3,4,7
2021-11-15,"MMSD-P11",32,32,43
2021-11-15,"MMSD-P18",45,52,67
2021-11-15,"MMSD-P2",24,19,37
2021-11-15,"MMSD-P7",19,23,32
2021-11-15,"MMSD-P8",11,6,12
2021-11-16,"MMSD-P11",33,41,26
2021-11-16,"MMSD-P18",36,43,52
2021-11-16,"MMSD-P2",25,31,17
2021-11-16,"MMSD-P7",13,14,15
2021-11-16,"MMSD-P8",17,11,7
2021-11-17,"MMSD-P11",36,31,38
2021-11-17,"MMSD-P18",41,38,35
2021-11-17,"MMSD-P2",22,30,24
2021-11-17,"MMSD-P7",16,11,18
2021-11-17,"MMSD-P8",23,23,10
2021-11-18,"MMSD-P11",27,27,28
2021-11-18,"MMSD-P18",43,43,30
2021-11-18,"MMSD-P2",29,35,31
2021-11-18,"MMSD-P7",21,26,16
2021-11-18,"MMSD-P8",17,18,13
2021-11-19,"MMSD-P11",32,47,30
2021-11-19,"MMSD-P18",42,39,48
2021-11-19,"MMSD-P2",14,11,23
2021-11-19,"MMSD-P7",12,11,19
2021-11-19,"MMSD-P8",11,15,18
2021-11-20,"MMSD-P11",21,23,15
2021-11-20,"MMSD-P18",24,21,11
2021-11-20,"MMSD-P2",10,9,13
2021-11-20,"MMSD-P7",9,5,3
2021-11-20,"MMSD-P8",11,9,8
2021-11-21,"MMSD-P11",21,12,43
2021-11-21,"MMSD-P18",23,24,31
2021-11-21,"MMSD-P2",7,6,14
2021-11-21,"MMSD-P7",8,9,15
2021-11-21,"MMSD-P8",11,7,12
2021-11-22,"MMSD-P11",27,34,39
2021-11-22,"MMSD-P18",43,48,53
2021-11-22,"MMSD-P2",45,35,22
2021-11-22,"MMSD-P7",21,22,19
2021-11-22,"MMSD-P8",15,16,18
2021-11-23,"MMSD-P11",31,33,26
2021-11-23,"MMSD-P18",44,49,38
2021-11-23,"MMSD-P2",18,16,21
2021-11-23,"MMSD-P7",16,18,11
2021-11-23,"MMSD-P8",5,10,15
2021-11-24,"MMSD-P11",40,35,28
2021-11-24,"MMSD-P18",56,57,38
2021-11-24,"MMSD-P2",26,26,20
2021-11-24,"MMSD-P7",14,15,18
2021-11-24,"MMSD-P8",18,12,16
2021-11-25,"MMSD-P11",11,7,1
2021-11-25,"MMSD-P18",18,9,2
2021-11-25,"MMSD-P2",10,2,NA
2021-11-25,"MMSD-P7",6,3,NA
2021-11-25,"MMSD-P8",6,2,NA
2021-11-26,"MMSD-P11",26,26,12
2021-11-26,"MMSD-P18",36,31,22
2021-11-26,"MMSD-P2",21,18,7
2021-11-26,"MMSD-P7",32,32,11
2021-11-26,"MMSD-P8",13,11,2
2021-11-27,"MMSD-P11",31,27,7
2021-11-27,"MMSD-P18",31,31,19
2021-11-27,"MMSD-P2",20,19,6
2021-11-27,"MMSD-P7",8,6,1
2021-11-27,"MMSD-P8",18,14,NA
2021-11-28,"MMSD-P11",21,18,7
2021-11-28,"MMSD-P18",30,29,6
2021-11-28,"MMSD-P2",21,11,3
2021-11-28,"MMSD-P7",7,6,9
2021-11-28,"MMSD-P8",10,7,1
2021-11-29,"MMSD-P11",53,44,59
2021-11-29,"MMSD-P18",87,84,62
2021-11-29,"MMSD-P2",37,44,37
2021-11-29,"MMSD-P7",32,32,23
2021-11-29,"MMSD-P8",24,28,26
2021-11-30,"MMSD-P11",54,63,41
2021-11-30,"MMSD-P18",60,65,84
2021-11-30,"MMSD-P2",41,51,51
2021-11-30,"MMSD-P7",28,36,40
2021-11-30,"MMSD-P8",26,25,31
2021-12-01,"MMSD-P11",43,49,44
2021-12-01,"MMSD-P18",57,65,56
2021-12-01,"MMSD-P2",51,46,43
2021-12-01,"MMSD-P7",26,27,22
2021-12-01,"MMSD-P8",32,40,16
2021-12-02,"MMSD-P11",51,56,62
2021-12-02,"MMSD-P18",74,77,76
2021-12-02,"MMSD-P2",38,51,54
2021-12-02,"MMSD-P7",18,18,28
2021-12-02,"MMSD-P8",21,24,44
2021-12-03,"MMSD-P11",39,44,46
2021-12-03,"MMSD-P18",53,52,53
2021-12-03,"MMSD-P2",29,33,28
2021-12-03,"MMSD-P7",16,17,19
2021-12-03,"MMSD-P8",20,19,12
2021-12-04,"MMSD-P11",21,18,NA
2021-12-04,"MMSD-P18",28,28,1
2021-12-04,"MMSD-P2",22,11,12
2021-12-04,"MMSD-P7",20,15,1
2021-12-04,"MMSD-P8",9,7,3
2021-12-05,"MMSD-P11",19,19,18
2021-12-05,"MMSD-P18",24,21,29
2021-12-05,"MMSD-P2",23,12,14
2021-12-05,"MMSD-P7",14,9,4
2021-12-05,"MMSD-P8",7,5,9
2021-12-06,"MMSD-P11",35,30,30
2021-12-06,"MMSD-P18",70,70,36
2021-12-06,"MMSD-P2",40,51,14
2021-12-06,"MMSD-P7",20,16,10
2021-12-06,"MMSD-P8",22,27,11
2021-12-07,"MMSD-P11",41,43,39
2021-12-07,"MMSD-P18",74,70,41
2021-12-07,"MMSD-P2",38,36,16
2021-12-07,"MMSD-P7",23,29,18
2021-12-07,"MMSD-P8",17,20,10
2021-12-08,"MMSD-P11",49,53,17
2021-12-08,"MMSD-P18",55,58,39
2021-12-08,"MMSD-P2",41,39,42
2021-12-08,"MMSD-P7",24,27,23
2021-12-08,"MMSD-P8",24,26,19
2021-12-09,"MMSD-P11",38,40,34
2021-12-09,"MMSD-P18",60,61,68
2021-12-09,"MMSD-P2",29,33,32
2021-12-09,"MMSD-P7",23,24,20
2021-12-09,"MMSD-P8",14,12,25
2021-12-10,"MMSD-P11",39,37,55
2021-12-10,"MMSD-P18",46,51,79
2021-12-10,"MMSD-P2",24,26,68
2021-12-10,"MMSD-P7",16,17,24
2021-12-10,"MMSD-P8",14,17,17
2021-12-11,"MMSD-P11",22,22,14
2021-12-11,"MMSD-P18",22,26,6
2021-12-11,"MMSD-P2",17,9,4
2021-12-11,"MMSD-P7",12,10,2
2021-12-11,"MMSD-P8",12,6,NA
2021-12-12,"MMSD-P11",24,18,11
2021-12-12,"MMSD-P18",21,14,7
2021-12-12,"MMSD-P2",37,5,3
2021-12-12,"MMSD-P7",9,6,1
2021-12-12,"MMSD-P8",18,5,3
2021-12-13,"MMSD-P11",54,56,29
2021-12-13,"MMSD-P18",50,56,45
2021-12-13,"MMSD-P2",78,65,31
2021-12-13,"MMSD-P7",25,23,21
2021-12-13,"MMSD-P8",23,26,17
2021-12-14,"MMSD-P11",47,42,92
2021-12-14,"MMSD-P18",74,68,110
2021-12-14,"MMSD-P2",74,62,78
2021-12-14,"MMSD-P7",21,25,49
2021-12-14,"MMSD-P8",24,31,47
2021-12-15,"MMSD-P11",49,46,54
2021-12-15,"MMSD-P18",57,62,78
2021-12-15,"MMSD-P2",73,90,39
2021-12-15,"MMSD-P7",25,26,23
2021-12-15,"MMSD-P8",26,27,35
2021-12-16,"MMSD-P11",37,40,74
2021-12-16,"MMSD-P18",65,52,108
2021-12-16,"MMSD-P2",61,100,85
2021-12-16,"MMSD-P7",22,17,42
2021-12-16,"MMSD-P8",24,25,45
2021-12-17,"MMSD-P11",34,40,55
2021-12-17,"MMSD-P18",53,56,75
2021-12-17,"MMSD-P2",51,57,122
2021-12-17,"MMSD-P7",21,20,39
2021-12-17,"MMSD-P8",31,31,21
2021-12-18,"MMSD-P11",34,28,16
2021-12-18,"MMSD-P18",33,40,21
2021-12-18,"MMSD-P2",41,33,17
2021-12-18,"MMSD-P7",12,12,3
2021-12-18,"MMSD-P8",15,11,8
2021-12-19,"MMSD-P11",27,17,24
2021-12-19,"MMSD-P18",31,19,26
2021-12-19,"MMSD-P2",43,27,17
2021-12-19,"MMSD-P7",13,13,8
2021-12-19,"MMSD-P8",21,15,10
2021-12-20,"MMSD-P11",67,69,71
2021-12-20,"MMSD-P18",105,112,71
2021-12-20,"MMSD-P2",70,83,83
2021-12-20,"MMSD-P7",35,32,35
2021-12-20,"MMSD-P8",47,42,43
2021-12-21,"MMSD-P11",88,75,53
2021-12-21,"MMSD-P18",97,105,63
2021-12-21,"MMSD-P2",71,91,75
2021-12-21,"MMSD-P7",28,29,15
2021-12-21,"MMSD-P8",51,52,22
2021-12-22,"MMSD-P11",119,128,60
2021-12-22,"MMSD-P18",101,102,93
2021-12-22,"MMSD-P2",118,112,64
2021-12-22,"MMSD-P7",47,45,33
2021-12-22,"MMSD-P8",61,69,37
2021-12-23,"MMSD-P11",114,119,70
2021-12-23,"MMSD-P18",88,89,82
2021-12-23,"MMSD-P2",110,120,83
2021-12-23,"MMSD-P7",43,49,30
2021-12-23,"MMSD-P8",68,73,52
2021-12-24,"MMSD-P11",65,61,1
2021-12-24,"MMSD-P18",55,44,1
2021-12-24,"MMSD-P2",39,35,47
2021-12-24,"MMSD-P7",41,39,3
2021-12-24,"MMSD-P8",28,26,10
2021-12-25,"MMSD-P11",24,24,NA
2021-12-25,"MMSD-P18",33,24,NA
2021-12-25,"MMSD-P2",28,21,NA
2021-12-25,"MMSD-P7",13,6,NA
2021-12-25,"MMSD-P8",15,13,NA
2021-12-26,"MMSD-P11",62,63,47
2021-12-26,"MMSD-P18",76,66,47
2021-12-26,"MMSD-P2",73,61,17
2021-12-26,"MMSD-P7",25,30,17
2021-12-26,"MMSD-P8",37,33,33
2021-12-27,"MMSD-P11",170,175,139
2021-12-27,"MMSD-P18",192,211,134
2021-12-27,"MMSD-P2",167,173,113
2021-12-27,"MMSD-P7",91,98,81
2021-12-27,"MMSD-P8",103,104,77
2021-12-28,"MMSD-P11",237,237,86
2021-12-28,"MMSD-P18",262,256,113
2021-12-28,"MMSD-P2",173,162,77
2021-12-28,"MMSD-P7",93,91,32
2021-12-28,"MMSD-P8",116,110,50
2021-12-29,"MMSD-P11",286,274,84
2021-12-29,"MMSD-P18",291,286,109
2021-12-29,"MMSD-P2",176,167,88
2021-12-29,"MMSD-P7",146,140,46
2021-12-29,"MMSD-P8",136,132,47
2021-12-30,"MMSD-P11",229,227,57
2021-12-30,"MMSD-P18",268,256,61
2021-12-30,"MMSD-P2",132,132,66
2021-12-30,"MMSD-P7",109,110,25
2021-12-30,"MMSD-P8",141,137,27
2021-12-31,"MMSD-P11",195,189,1
2021-12-31,"MMSD-P18",186,180,1
2021-12-31,"MMSD-P2",79,73,NA
2021-12-31,"MMSD-P7",94,90,NA
2021-12-31,"MMSD-P8",83,78,NA
2022-01-01,"MMSD-P11",85,76,NA
2022-01-01,"MMSD-P18",66,60,NA
2022-01-01,"MMSD-P2",51,36,1
2022-01-01,"MMSD-P7",24,22,NA
2022-01-01,"MMSD-P8",54,40,NA
2022-01-02,"MMSD-P11",134,132,24
2022-01-02,"MMSD-P18",109,80,31
2022-01-02,"MMSD-P2",69,47,23
2022-01-02,"MMSD-P7",41,37,13
2022-01-02,"MMSD-P8",81,67,12
2022-01-03,"MMSD-P11",307,315,116
2022-01-03,"MMSD-P18",352,376,103
2022-01-03,"MMSD-P2",198,236,76
2022-01-03,"MMSD-P7",177,183,49
2022-01-03,"MMSD-P8",148,170,56
2022-01-04,"MMSD-P11",363,366,129
2022-01-04,"MMSD-P18",396,413,141
2022-01-04,"MMSD-P2",275,285,135
2022-01-04,"MMSD-P7",186,191,34
2022-01-04,"MMSD-P8",191,193,71
2022-01-05,"MMSD-P11",354,342,101
2022-01-05,"MMSD-P18",350,351,118
2022-01-05,"MMSD-P2",245,236,115
2022-01-05,"MMSD-P7",143,143,43
2022-01-05,"MMSD-P8",182,170,74
2022-01-06,"MMSD-P11",277,269,129
2022-01-06,"MMSD-P18",295,297,107
2022-01-06,"MMSD-P2",222,213,134
2022-01-06,"MMSD-P7",159,158,35
2022-01-06,"MMSD-P8",196,196,85
2022-01-07,"MMSD-P11",267,262,91
2022-01-07,"MMSD-P18",363,353,90
2022-01-07,"MMSD-P2",150,153,108
2022-01-07,"MMSD-P7",138,132,42
2022-01-07,"MMSD-P8",151,168,65
2022-01-08,"MMSD-P11",184,190,13
2022-01-08,"MMSD-P18",195,192,6
2022-01-08,"MMSD-P2",96,82,37
2022-01-08,"MMSD-P7",78,84,3
2022-01-08,"MMSD-P8",84,66,8
2022-01-09,"MMSD-P11",160,164,54
2022-01-09,"MMSD-P18",156,152,57
2022-01-09,"MMSD-P2",97,76,106
2022-01-09,"MMSD-P7",66,55,27
2022-01-09,"MMSD-P8",74,72,49
2022-01-10,"MMSD-P11",278,298,113
2022-01-10,"MMSD-P18",362,393,115
2022-01-10,"MMSD-P2",253,291,83
2022-01-10,"MMSD-P7",134,139,46
2022-01-10,"MMSD-P8",130,151,86
2022-01-11,"MMSD-P11",292,303,116
2022-01-11,"MMSD-P18",377,371,120
2022-01-11,"MMSD-P2",170,192,72
2022-01-11,"MMSD-P7",145,154,61
2022-01-11,"MMSD-P8",178,188,63
2022-01-12,"MMSD-P11",256,262,136
2022-01-12,"MMSD-P18",319,334,234
2022-01-12,"MMSD-P2",162,163,131
2022-01-12,"MMSD-P7",151,146,76
2022-01-12,"MMSD-P8",139,139,95
2022-01-13,"MMSD-P11",259,249,262
2022-01-13,"MMSD-P18",311,302,363
2022-01-13,"MMSD-P2",131,128,233
2022-01-13,"MMSD-P7",116,116,125
2022-01-13,"MMSD-P8",118,118,159
2022-01-14,"MMSD-P11",247,239,281
2022-01-14,"MMSD-P18",308,296,325
2022-01-14,"MMSD-P2",143,143,195
2022-01-14,"MMSD-P7",110,114,111
2022-01-14,"MMSD-P8",139,137,140
2022-01-15,"MMSD-P11",134,126,130
2022-01-15,"MMSD-P18",113,96,195
2022-01-15,"MMSD-P2",50,40,92
2022-01-15,"MMSD-P7",57,54,48
2022-01-15,"MMSD-P8",51,48,69
2022-01-16,"MMSD-P11",79,66,2016
2022-01-16,"MMSD-P18",108,86,2177
2022-01-16,"MMSD-P2",41,33,963
2022-01-16,"MMSD-P7",41,32,1016
2022-01-16,"MMSD-P8",35,26,964
2022-01-17,"MMSD-P11",191,208,586
2022-01-17,"MMSD-P18",242,262,607
2022-01-17,"MMSD-P2",91,82,269
2022-01-17,"MMSD-P7",112,120,316
2022-01-17,"MMSD-P8",105,107,327
2022-01-18,"MMSD-P11",255,270,220
2022-01-18,"MMSD-P18",291,324,295
2022-01-18,"MMSD-P2",156,181,126
2022-01-18,"MMSD-P7",122,125,114
2022-01-18,"MMSD-P8",134,149,119
2022-01-19,"MMSD-P11",193,207,526
2022-01-19,"MMSD-P18",285,300,625
2022-01-19,"MMSD-P2",123,134,288
2022-01-19,"MMSD-P7",106,110,257
2022-01-19,"MMSD-P8",92,101,227
2022-01-20,"MMSD-P11",164,160,233
2022-01-20,"MMSD-P18",236,237,279
2022-01-20,"MMSD-P2",81,89,148
2022-01-20,"MMSD-P7",86,88,112
2022-01-20,"MMSD-P8",89,88,118
2022-01-21,"MMSD-P11",150,154,168
2022-01-21,"MMSD-P18",168,172,204
2022-01-21,"MMSD-P2",91,97,94
2022-01-21,"MMSD-P7",67,66,72
2022-01-21,"MMSD-P8",65,65,75
2022-01-22,"MMSD-P11",81,69,125
2022-01-22,"MMSD-P18",72,61,174
2022-01-22,"MMSD-P2",36,27,55
2022-01-22,"MMSD-P7",32,32,58
2022-01-22,"MMSD-P8",36,31,62
2022-01-23,"MMSD-P11",46,46,116
2022-01-23,"MMSD-P18",50,47,127
2022-01-23,"MMSD-P2",33,16,58
2022-01-23,"MMSD-P7",19,20,82
2022-01-23,"MMSD-P8",33,24,36
2022-01-24,"MMSD-P11",177,181,124
2022-01-24,"MMSD-P18",207,216,129
2022-01-24,"MMSD-P2",109,106,55
2022-01-24,"MMSD-P7",77,79,43
2022-01-24,"MMSD-P8",103,110,76
2022-01-25,"MMSD-P11",131,136,151
2022-01-25,"MMSD-P18",149,152,158
2022-01-25,"MMSD-P2",120,125,111
2022-01-25,"MMSD-P7",61,64,66
2022-01-25,"MMSD-P8",72,77,73
2022-01-26,"MMSD-P11",109,114,140
2022-01-26,"MMSD-P18",153,151,191
2022-01-26,"MMSD-P2",60,76,116
2022-01-26,"MMSD-P7",50,49,60
2022-01-26,"MMSD-P8",70,71,92
2022-01-27,"MMSD-P11",122,120,130
2022-01-27,"MMSD-P18",128,123,150
2022-01-27,"MMSD-P2",75,67,90
2022-01-27,"MMSD-P7",52,51,80
2022-01-27,"MMSD-P8",64,72,88
2022-01-28,"MMSD-P11",109,103,96
2022-01-28,"MMSD-P18",97,102,115
2022-01-28,"MMSD-P2",59,68,59
2022-01-28,"MMSD-P7",34,37,22
2022-01-28,"MMSD-P8",64,64,63
2022-01-29,"MMSD-P11",62,72,105
2022-01-29,"MMSD-P18",70,65,85
2022-01-29,"MMSD-P2",36,29,41
2022-01-29,"MMSD-P7",27,26,42
2022-01-29,"MMSD-P8",33,33,49
2022-01-30,"MMSD-P11",38,33,83
2022-01-30,"MMSD-P18",27,28,62
2022-01-30,"MMSD-P2",42,21,42
2022-01-30,"MMSD-P7",14,14,29
2022-01-30,"MMSD-P8",25,21,46
2022-01-31,"MMSD-P11",105,112,59
2022-01-31,"MMSD-P18",99,112,50
2022-01-31,"MMSD-P2",73,90,62
2022-01-31,"MMSD-P7",54,51,33
2022-01-31,"MMSD-P8",42,49,35
2022-02-01,"MMSD-P11",92,104,87
2022-02-01,"MMSD-P18",102,108,112
2022-02-01,"MMSD-P2",69,104,95
2022-02-01,"MMSD-P7",46,51,36
2022-02-01,"MMSD-P8",40,43,38
2022-02-02,"MMSD-P11",63,67,117
2022-02-02,"MMSD-P18",62,70,97
2022-02-02,"MMSD-P2",74,79,85
2022-02-02,"MMSD-P7",49,53,64
2022-02-02,"MMSD-P8",38,44,51
2022-02-03,"MMSD-P11",4,5,66
2022-02-03,"MMSD-P18",15,16,83
2022-02-03,"MMSD-P2",22,22,82
2022-02-03,"MMSD-P7",3,3,44
2022-02-03,"MMSD-P8",4,4,39
2020-08-07,"MMSD-P7",NA,2,1
2020-08-29,"MMSD-P7",NA,2,4
2020-09-04,"MMSD-P7",NA,2,4
2021-03-03,"MMSD-P7",NA,3,8
2021-03-05,"MMSD-P7",NA,2,2
2021-04-20,"MMSD-P7",NA,6,8
2021-05-08,"MMSD-P8",NA,3,2
2021-05-12,"MMSD-P7",NA,2,NA
2021-05-16,"MMSD-P8",NA,1,NA
2021-05-18,"MMSD-P7",NA,2,3
2021-05-21,"MMSD-P18",NA,1,4
2021-05-23,"MMSD-P2",NA,2,2
2021-05-25,"MMSD-P2",NA,2,4
2021-05-26,"MMSD-P8",NA,1,3
2021-05-27,"MMSD-P8",NA,5,3
2021-05-28,"MMSD-P7",NA,2,NA
2021-05-30,"MMSD-P2",NA,1,1
2021-06-01,"MMSD-P18",NA,1,2
2021-06-02,"MMSD-P18",NA,1,1
2021-06-02,"MMSD-P2",NA,1,1
2021-06-03,"MMSD-P2",NA,1,1
2021-06-08,"MMSD-P11",NA,3,3
2021-06-08,"MMSD-P8",NA,1,1
2021-06-11,"MMSD-P7",NA,1,NA
2021-06-12,"MMSD-P7",NA,2,1
2021-06-14,"MMSD-P11",NA,1,1
2021-06-14,"MMSD-P2",NA,1,1
2021-06-17,"MMSD-P11",NA,2,4
2021-06-18,"MMSD-P11",NA,1,NA
2021-06-20,"MMSD-P2",NA,1,1
2021-06-21,"MMSD-P11",NA,1,1
2021-06-21,"MMSD-P7",NA,1,NA
2021-06-21,"MMSD-P8",NA,1,1
2021-06-23,"MMSD-P2",NA,1,NA
2021-06-24,"MMSD-P7",NA,2,NA
2021-06-24,"MMSD-P8",NA,1,1
2021-06-25,"MMSD-P7",NA,1,2
2021-06-26,"MMSD-P8",NA,1,3
2021-06-27,"MMSD-P11",NA,1,1
2021-06-27,"MMSD-P18",NA,1,2
2021-06-30,"MMSD-P2",NA,1,2
2021-07-03,"MMSD-P7",NA,1,NA
2021-07-05,"MMSD-P8",NA,2,NA
2021-07-12,"MMSD-P2",NA,2,3
2021-07-17,"MMSD-P7",NA,3,1
NA,"MMSD-P2",NA,1,55
NA,"MMSD-P8",NA,1,32
2020-08-16,"MMSD-P8",NA,NA,2
2020-08-18,"MMSD-P8",NA,NA,2
2021-03-07,"MMSD-P11",NA,NA,6
2021-05-14,"MMSD-P8",NA,NA,4
2021-05-21,"MMSD-P7",NA,NA,3
2021-05-22,"MMSD-P8",NA,NA,4
2021-05-23,"MMSD-P11",NA,NA,4
2021-05-25,"MMSD-P7",NA,NA,1
2021-05-26,"MMSD-P2",NA,NA,3
2021-05-29,"MMSD-P18",NA,NA,2
2021-05-29,"MMSD-P8",NA,NA,4
2021-05-30,"MMSD-P18",NA,NA,2
2021-05-30,"MMSD-P7",NA,NA,1
2021-06-02,"MMSD-P8",NA,NA,1
2021-06-04,"MMSD-P18",NA,NA,2
2021-06-06,"MMSD-P18",NA,NA,1
2021-06-06,"MMSD-P7",NA,NA,1
2021-06-06,"MMSD-P8",NA,NA,3
2021-06-09,"MMSD-P8",NA,NA,1
2021-06-13,"MMSD-P7",NA,NA,2
2021-06-17,"MMSD-P2",NA,NA,3
2021-06-17,"MMSD-P7",NA,NA,1
2021-06-19,"MMSD-P18",NA,NA,3
2021-06-24,"MMSD-P11",NA,NA,2
2021-06-26,"MMSD-P7",NA,NA,1
2021-06-28,"MMSD-P11",NA,NA,2
2021-07-03,"MMSD-P11",NA,NA,2
2021-07-04,"MMSD-P18",NA,NA,1
2021-07-07,"MMSD-P7",NA,NA,4
2021-07-08,"MMSD-P7",NA,NA,1
2021-07-10,"MMSD-P11",NA,NA,1
NA,"MMSD-P11",NA,NA,57
NA,"MMSD-P18",NA,NA,67
NA,"MMSD-P7",NA,NA,38
2020-08-01,"Madison",47,24,NA
2020-08-02,"Madison",29,NA,NA
2020-08-03,"Madison",51,46,18
2020-08-04,"Madison",41,30,45
2020-08-05,"Madison",30,42,22
2020-08-06,"Madison",33,30,46
2020-08-07,"Madison",NA,27,31
2020-08-08,"Madison",33,21,29
2020-08-09,"Madison",21,9,NA
2020-08-10,"Madison",30,39,18
2020-08-11,"Madison",46,42,37
2020-08-12,"Madison",29,38,22
2020-08-13,"Madison",17,29,50
2020-08-14,"Madison",33,36,28
2020-08-15,"Madison",20,18,43
2020-08-16,"Madison",NA,NA,15
2020-08-17,"Madison",34,23,13
2020-08-18,"Madison",NA,NA,17
2020-08-19,"Madison",33,30,NA
2020-08-20,"Madison",25,32,NA
2020-08-21,"Madison",32,NA,33
2020-08-22,"Madison",26,NA,25
2020-08-23,"Madison",27,NA,NA
2020-08-24,"Madison",56,48,NA
2020-08-25,"Madison",86,65,38
2020-08-26,"Madison",67,40,69
2020-08-27,"Madison",82,71,35
2020-08-28,"Madison",61,39,38
2020-08-29,"Madison",NA,38,38
2020-08-30,"Madison",68,NA,NA
2020-08-31,"Madison",156,104,76
2020-09-01,"Madison",134,105,35
2020-09-02,"Madison",185,137,58
2020-09-03,"Madison",183,158,129
2020-09-04,"Madison",NA,173,142
2020-09-05,"Madison",118,92,142
2020-09-06,"Madison",123,17,NA
2020-09-07,"Madison",126,22,173
2020-09-08,"Madison",288,455,48
2020-09-09,"Madison",207,273,439
2020-09-10,"Madison",147,214,196
2020-09-11,"Madison",130,238,139
2020-09-12,"Madison",79,72,174
2020-09-13,"Madison",64,10,174
2020-09-14,"Madison",158,207,87
2020-09-15,"Madison",140,155,66
2020-09-16,"Madison",126,129,202
2020-09-17,"Madison",118,151,166
2020-09-18,"Madison",88,108,140
2020-09-19,"Madison",61,66,128
2020-09-20,"Madison",49,NA,71
2020-09-21,"Madison",118,117,39
2020-09-22,"Madison",83,106,66
2020-09-23,"Madison",82,81,122
2020-09-24,"Madison",80,98,89
2020-09-25,"Madison",59,59,89
2020-09-26,"Madison",64,66,80
2020-09-27,"Madison",56,NA,96
2020-09-28,"Madison",118,126,72
2020-09-29,"Madison",110,92,68
2020-09-30,"Madison",88,67,117
2020-10-01,"Madison",89,89,56
2020-10-02,"Madison",82,73,71
2020-10-03,"Madison",74,89,69
2020-10-04,"Madison",47,17,41
2020-10-05,"Madison",98,72,117
2020-10-06,"Madison",151,138,51
2020-10-07,"Madison",131,143,77
2020-10-08,"Madison",114,122,124
2020-10-09,"Madison",81,101,129
2020-10-10,"Madison",73,60,118
2020-10-11,"Madison",97,34,111
2020-10-12,"Madison",121,105,65
2020-10-13,"Madison",144,162,93
2020-10-14,"Madison",115,143,125
2020-10-15,"Madison",142,185,150
2020-10-16,"Madison",139,137,140
2020-10-17,"Madison",106,99,NA
2020-10-18,"Madison",93,31,NA
2020-10-19,"Madison",144,113,203
2020-10-20,"Madison",211,236,196
2020-10-21,"Madison",192,168,127
2020-10-22,"Madison",182,207,163
2020-10-23,"Madison",183,184,177
2020-10-24,"Madison",194,166,195
2020-10-25,"Madison",112,55,119
2020-10-26,"Madison",226,191,178
2020-10-27,"Madison",308,328,261
2020-10-28,"Madison",254,279,140
2020-10-29,"Madison",258,305,289
2020-10-30,"Madison",259,261,185
2020-10-31,"Madison",216,193,123
2020-11-01,"Madison",173,52,135
2020-11-02,"Madison",308,254,403
2020-11-03,"Madison",392,421,147
2020-11-04,"Madison",394,374,208
2020-11-05,"Madison",362,381,369
2020-11-06,"Madison",361,421,315
2020-11-07,"Madison",272,217,157
2020-11-08,"Madison",196,69,184
2020-11-09,"Madison",379,337,508
2020-11-10,"Madison",427,480,332
2020-11-11,"Madison",383,465,449
2020-11-12,"Madison",293,399,286
2020-11-13,"Madison",315,346,229
2020-11-14,"Madison",248,226,281
2020-11-15,"Madison",174,63,340
2020-11-16,"Madison",254,277,484
2020-11-17,"Madison",293,383,393
2020-11-18,"Madison",270,339,242
2020-11-19,"Madison",243,293,371
2020-11-20,"Madison",257,272,229
2020-11-21,"Madison",162,184,143
2020-11-22,"Madison",117,75,100
2020-11-23,"Madison",184,190,542
2020-11-24,"Madison",208,244,182
2020-11-25,"Madison",205,204,247
2020-11-26,"Madison",106,44,NA
2020-11-27,"Madison",211,244,271
2020-11-28,"Madison",188,160,244
2020-11-29,"Madison",139,61,162
2020-11-30,"Madison",181,201,83
2020-12-01,"Madison",213,290,162
2020-12-02,"Madison",180,238,257
2020-12-03,"Madison",153,181,230
2020-12-04,"Madison",134,154,165
2020-12-05,"Madison",109,112,100
2020-12-06,"Madison",67,27,184
2020-12-07,"Madison",128,141,96
2020-12-08,"Madison",154,205,111
2020-12-09,"Madison",139,138,175
2020-12-10,"Madison",125,141,137
2020-12-11,"Madison",102,118,162
2020-12-12,"Madison",78,67,138
2020-12-13,"Madison",61,27,113
2020-12-14,"Madison",126,123,33
2020-12-15,"Madison",119,140,73
2020-12-16,"Madison",100,118,164
2020-12-17,"Madison",89,120,128
2020-12-18,"Madison",100,84,128
2020-12-19,"Madison",82,74,78
2020-12-20,"Madison",71,47,80
2020-12-21,"Madison",96,96,46
2020-12-22,"Madison",111,156,105
2020-12-23,"Madison",105,97,134
2020-12-24,"Madison",83,88,108
2020-12-25,"Madison",44,NA,NA
2020-12-26,"Madison",103,103,120
2020-12-27,"Madison",97,29,90
2020-12-28,"Madison",138,106,52
2020-12-29,"Madison",117,177,80
2020-12-30,"Madison",182,195,168
2020-12-31,"Madison",137,149,163
2021-01-01,"Madison",84,27,NA
2021-01-02,"Madison",182,203,182
2021-01-03,"Madison",105,25,151
2021-01-04,"Madison",180,187,111
2021-01-05,"Madison",198,259,142
2021-01-06,"Madison",133,176,257
2021-01-07,"Madison",141,142,206
2021-01-08,"Madison",120,112,117
2021-01-09,"Madison",106,126,137
2021-01-10,"Madison",101,50,99
2021-01-11,"Madison",115,112,67
2021-01-12,"Madison",126,184,111
2021-01-13,"Madison",101,115,170
2021-01-14,"Madison",79,95,134
2021-01-15,"Madison",85,96,114
2021-01-16,"Madison",91,83,94
2021-01-17,"Madison",62,38,63
2021-01-18,"Madison",80,63,39
2021-01-19,"Madison",111,138,51
2021-01-20,"Madison",103,105,126
2021-01-21,"Madison",73,102,140
2021-01-22,"Madison",86,99,103
2021-01-23,"Madison",78,83,87
2021-01-24,"Madison",58,NA,70
2021-01-25,"Madison",106,93,48
2021-01-26,"Madison",101,126,56
2021-01-27,"Madison",87,96,162
2021-01-28,"Madison",84,88,98
2021-01-29,"Madison",68,84,105
2021-01-30,"Madison",54,61,83
2021-01-31,"Madison",40,12,53
2021-02-01,"Madison",103,93,41
2021-02-02,"Madison",105,135,64
2021-02-03,"Madison",90,99,156
2021-02-04,"Madison",63,69,92
2021-02-05,"Madison",74,98,75
2021-02-06,"Madison",58,55,64
2021-02-07,"Madison",55,27,80
2021-02-08,"Madison",60,66,31
2021-02-09,"Madison",93,94,65
2021-02-10,"Madison",52,61,100
2021-02-11,"Madison",53,66,71
2021-02-12,"Madison",50,41,65
2021-02-13,"Madison",56,44,44
2021-02-14,"Madison",62,NA,38
2021-02-15,"Madison",95,NA,39
2021-02-16,"Madison",113,131,71
2021-02-17,"Madison",83,116,134
2021-02-18,"Madison",71,85,125
2021-02-19,"Madison",60,73,84
2021-02-20,"Madison",40,47,65
2021-02-21,"Madison",35,NA,46
2021-02-22,"Madison",64,NA,NA
2021-02-23,"Madison",48,50,74
2021-02-24,"Madison",57,30,48
2021-02-25,"Madison",57,69,48
2021-02-26,"Madison",34,40,65
2021-02-27,"Madison",31,39,NA
2021-02-28,"Madison",34,23,39
2021-03-01,"Madison",70,59,25
2021-03-02,"Madison",79,83,50
2021-03-03,"Madison",NA,50,90
2021-03-04,"Madison",40,40,38
2021-03-05,"Madison",NA,38,57
2021-03-06,"Madison",33,28,38
2021-03-07,"Madison",NA,NA,22
2021-03-08,"Madison",54,37,NA
2021-03-09,"Madison",50,55,38
2021-03-10,"Madison",34,48,56
2021-03-11,"Madison",24,46,50
2021-03-12,"Madison",37,35,37
2021-03-13,"Madison",39,29,39
2021-03-14,"Madison",20,13,18
2021-03-15,"Madison",29,39,34
2021-03-16,"Madison",29,39,29
2021-03-17,"Madison",29,29,49
2021-03-18,"Madison",31,31,NA
2021-03-19,"Madison",31,NA,14
2021-03-20,"Madison",35,25,33
2021-03-21,"Madison",28,NA,20
2021-03-22,"Madison",40,34,NA
2021-03-23,"Madison",32,47,49
2021-03-24,"Madison",46,45,53
2021-03-25,"Madison",38,50,41
2021-03-26,"Madison",27,29,45
2021-03-27,"Madison",32,25,30
2021-03-28,"Madison",30,16,NA
2021-03-29,"Madison",46,29,21
2021-03-30,"Madison",56,56,34
2021-03-31,"Madison",55,41,49
2021-04-01,"Madison",51,60,57
2021-04-02,"Madison",52,53,53
2021-04-03,"Madison",58,59,57
2021-04-04,"Madison",42,NA,49
2021-04-05,"Madison",58,58,29
2021-04-06,"Madison",60,83,38
2021-04-07,"Madison",73,63,92
2021-04-08,"Madison",64,87,60
2021-04-09,"Madison",48,49,65
2021-04-10,"Madison",35,35,69
2021-04-11,"Madison",40,31,36
2021-04-12,"Madison",52,55,31
2021-04-13,"Madison",70,74,71
2021-04-14,"Madison",59,52,69
2021-04-15,"Madison",43,55,56
2021-04-16,"Madison",46,48,41
2021-04-17,"Madison",40,26,51
2021-04-18,"Madison",32,23,33
2021-04-19,"Madison",46,60,33
2021-04-20,"Madison",NA,73,47
2021-04-21,"Madison",50,52,73
2021-04-22,"Madison",27,42,53
2021-04-23,"Madison",33,42,40
2021-04-24,"Madison",23,17,40
2021-04-25,"Madison",33,NA,16
2021-04-26,"Madison",43,43,NA
2021-04-27,"Madison",46,59,33
2021-04-28,"Madison",41,35,59
2021-04-29,"Madison",35,41,48
2021-04-30,"Madison",24,37,32
2021-05-01,"Madison",21,28,37
2021-05-02,"Madison",28,NA,26
2021-05-03,"Madison",34,35,NA
2021-05-04,"Madison",39,53,34
2021-05-05,"Madison",21,28,47
2021-05-06,"Madison",23,24,39
2021-05-07,"Madison",18,17,17
2021-05-08,"Madison",NA,NA,22
2021-05-09,"Madison",11,NA,NA
2021-05-10,"Madison",16,NA,9
2021-05-11,"Madison",15,NA,13
2021-05-12,"Madison",NA,30,NA
2021-05-13,"Madison",17,32,27
2021-05-14,"Madison",NA,NA,37
2021-05-15,"Madison",13,NA,NA
2021-05-16,"Madison",NA,14,NA
2021-05-17,"Madison",15,13,17
2021-05-18,"Madison",NA,27,16
2021-05-19,"Madison",23,NA,31
2021-05-20,"Madison",14,25,18
2021-05-21,"Madison",NA,NA,18
2021-05-22,"Madison",NA,NA,18
2021-05-23,"Madison",NA,NA,NA
2021-05-24,"Madison",16,17,NA
2021-05-25,"Madison",NA,NA,16
2021-05-26,"Madison",NA,NA,NA
2021-05-27,"Madison",NA,NA,NA
2021-05-28,"Madison",NA,NA,NA
2021-05-29,"Madison",NA,NA,NA
2021-05-30,"Madison",NA,NA,6
2021-05-31,"Madison",7,5,3
2021-06-01,"Madison",NA,7,NA
2021-06-02,"Madison",NA,NA,9
2021-06-03,"Madison",NA,NA,NA
2021-06-04,"Madison",NA,NA,NA
2021-06-05,"Madison",8,NA,NA
2021-06-06,"Madison",NA,NA,NA
2021-06-07,"Madison",8,NA,NA
2021-06-08,"Madison",NA,NA,8
2021-06-09,"Madison",NA,NA,NA
2021-06-10,"Madison",12,NA,NA
2021-06-11,"Madison",NA,NA,NA
2021-06-12,"Madison",NA,NA,NA
2021-06-13,"Madison",NA,NA,NA
2021-06-14,"Madison",NA,6,NA
2021-06-15,"Madison",9,10,NA
2021-06-16,"Madison",9,8,15
2021-06-17,"Madison",NA,NA,NA
2021-06-18,"Madison",NA,9,NA
2021-06-19,"Madison",NA,NA,8
2021-06-20,"Madison",NA,NA,NA
2021-06-21,"Madison",NA,NA,NA
2021-06-22,"Madison",8,NA,NA
2021-06-23,"Madison",NA,NA,NA
2021-06-24,"Madison",NA,NA,NA
2021-06-25,"Madison",NA,10,NA
2021-06-26,"Madison",NA,NA,12
2021-06-27,"Madison",NA,NA,5
2021-06-28,"Madison",NA,NA,NA
2021-06-29,"Madison",13,12,NA
2021-06-30,"Madison",NA,NA,11
2021-07-01,"Madison",11,NA,6
2021-07-02,"Madison",9,NA,NA
2021-07-03,"Madison",NA,NA,NA
2021-07-04,"Madison",NA,NA,NA
2021-07-05,"Madison",NA,NA,NA
2021-07-06,"Madison",8,NA,NA
2021-07-07,"Madison",NA,NA,15
2021-07-08,"Madison",NA,NA,NA
2021-07-09,"Madison",9,8,NA
2021-07-10,"Madison",NA,NA,NA
2021-07-11,"Madison",11,10,NA
2021-07-12,"Madison",NA,NA,12
2021-07-13,"Madison",11,16,NA
2021-07-14,"Madison",18,15,20
2021-07-15,"Madison",19,15,13
2021-07-16,"Madison",19,11,16
2021-07-17,"Madison",NA,NA,13
2021-07-18,"Madison",24,NA,NA
2021-07-19,"Madison",32,NA,17
2021-07-20,"Madison",29,32,15
2021-07-21,"Madison",28,31,22
2021-07-22,"Madison",36,25,33
2021-07-23,"Madison",45,38,36
2021-07-24,"Madison",45,26,NA
2021-07-25,"Madison",37,20,32
2021-07-26,"Madison",58,57,24
2021-07-27,"Madison",57,59,45
2021-07-28,"Madison",58,69,62
2021-07-29,"Madison",67,80,61
2021-07-30,"Madison",40,49,67
2021-07-31,"Madison",45,47,48
2021-08-01,"Madison",50,NA,40
2021-08-02,"Madison",63,78,68
2021-08-03,"Madison",75,78,65
2021-08-04,"Madison",66,74,87
2021-08-05,"Madison",66,86,73
2021-08-06,"Madison",80,67,77
2021-08-07,"Madison",55,36,42
2021-08-08,"Madison",54,NA,54
2021-08-09,"Madison",75,71,40
2021-08-10,"Madison",81,74,53
2021-08-11,"Madison",79,87,83
2021-08-12,"Madison",80,109,83
2021-08-13,"Madison",57,44,94
2021-08-14,"Madison",66,66,47
2021-08-15,"Madison",61,31,62
2021-08-16,"Madison",93,94,53
2021-08-17,"Madison",98,109,69
2021-08-18,"Madison",82,82,87
2021-08-19,"Madison",89,89,94
2021-08-20,"Madison",76,81,83
2021-08-21,"Madison",54,43,36
2021-08-22,"Madison",58,45,55
2021-08-23,"Madison",88,99,53
2021-08-24,"Madison",85,80,91
2021-08-25,"Madison",70,78,81
2021-08-26,"Madison",83,92,115
2021-08-27,"Madison",57,67,112
2021-08-28,"Madison",50,43,21
2021-08-29,"Madison",51,31,38
2021-08-30,"Madison",91,89,73
2021-08-31,"Madison",83,89,73
2021-09-01,"Madison",91,82,105
2021-09-02,"Madison",74,92,73
2021-09-03,"Madison",60,63,90
2021-09-04,"Madison",63,62,NA
2021-09-05,"Madison",62,45,80
2021-09-06,"Madison",63,27,66
2021-09-07,"Madison",130,129,34
2021-09-08,"Madison",107,140,122
2021-09-09,"Madison",104,130,86
2021-09-10,"Madison",75,90,95
2021-09-11,"Madison",75,44,NA
2021-09-12,"Madison",77,36,NA
2021-09-13,"Madison",148,156,78
2021-09-14,"Madison",154,153,147
2021-09-15,"Madison",114,143,150
2021-09-16,"Madison",98,122,119
2021-09-17,"Madison",104,102,226
2021-09-18,"Madison",84,70,54
2021-09-19,"Madison",47,30,65
2021-09-20,"Madison",84,123,179
2021-09-21,"Madison",101,86,75
2021-09-22,"Madison",80,105,113
2021-09-23,"Madison",75,93,86
2021-09-24,"Madison",90,76,113
2021-09-25,"Madison",71,50,28
2021-09-26,"Madison",62,42,32
2021-09-27,"Madison",119,116,101
2021-09-28,"Madison",109,120,108
2021-09-29,"Madison",119,115,72
2021-09-30,"Madison",104,113,146
2021-10-01,"Madison",80,91,95
2021-10-02,"Madison",66,63,34
2021-10-03,"Madison",59,54,59
2021-10-04,"Madison",102,111,161
2021-10-05,"Madison",92,95,103
2021-10-06,"Madison",101,112,69
2021-10-07,"Madison",98,92,109
2021-10-08,"Madison",67,73,101
2021-10-09,"Madison",59,45,39
2021-10-10,"Madison",54,26,36
2021-10-11,"Madison",90,108,124
2021-10-12,"Madison",65,74,80
2021-10-13,"Madison",71,89,79
2021-10-14,"Madison",58,61,78
2021-10-15,"Madison",57,61,67
2021-10-16,"Madison",39,33,33
2021-10-17,"Madison",46,22,58
2021-10-18,"Madison",58,63,48
2021-10-19,"Madison",79,70,37
2021-10-20,"Madison",54,68,74
2021-10-21,"Madison",55,58,69
2021-10-22,"Madison",57,60,74
2021-10-23,"Madison",44,41,25
2021-10-24,"Madison",47,23,37
2021-10-25,"Madison",66,65,76
2021-10-26,"Madison",69,69,49
2021-10-27,"Madison",63,62,62
2021-10-28,"Madison",71,77,74
2021-10-29,"Madison",62,75,74
2021-10-30,"Madison",53,41,42
2021-10-31,"Madison",53,35,36
2021-11-01,"Madison",86,87,55
2021-11-02,"Madison",101,104,73
2021-11-03,"Madison",116,102,97
2021-11-04,"Madison",91,104,114
2021-11-05,"Madison",78,89,96
2021-11-06,"Madison",58,71,45
2021-11-07,"Madison",56,43,43
2021-11-08,"Madison",137,139,124
2021-11-09,"Madison",110,103,100
2021-11-10,"Madison",122,131,120
2021-11-11,"Madison",84,104,113
2021-11-12,"Madison",119,127,112
2021-11-13,"Madison",95,82,30
2021-11-14,"Madison",52,33,51
2021-11-15,"Madison",132,133,192
2021-11-16,"Madison",125,141,118
2021-11-17,"Madison",139,134,126
2021-11-18,"Madison",138,150,119
2021-11-19,"Madison",112,124,139
2021-11-20,"Madison",76,68,51
2021-11-21,"Madison",71,59,116
2021-11-22,"Madison",152,156,152
2021-11-23,"Madison",115,127,112
2021-11-24,"Madison",155,146,121
2021-11-25,"Madison",52,24,NA
2021-11-26,"Madison",129,119,55
2021-11-27,"Madison",109,98,NA
2021-11-28,"Madison",90,72,27
2021-11-29,"Madison",234,233,208
2021-11-30,"Madison",210,241,248
2021-12-01,"Madison",210,228,182
2021-12-02,"Madison",203,227,265
2021-12-03,"Madison",158,166,159
2021-12-04,"Madison",101,80,NA
2021-12-05,"Madison",88,67,75
2021-12-06,"Madison",188,195,102
2021-12-07,"Madison",194,199,125
2021-12-08,"Madison",194,204,141
2021-12-09,"Madison",165,171,180
2021-12-10,"Madison",140,149,244
2021-12-11,"Madison",86,74,NA
2021-12-12,"Madison",110,49,26
2021-12-13,"Madison",231,227,144
2021-12-14,"Madison",241,229,377
2021-12-15,"Madison",231,252,230
2021-12-16,"Madison",210,235,355
2021-12-17,"Madison",191,205,313
2021-12-18,"Madison",136,125,66
2021-12-19,"Madison",136,92,86
2021-12-20,"Madison",325,339,304
2021-12-21,"Madison",336,353,229
2021-12-22,"Madison",447,457,288
2021-12-23,"Madison",424,451,318
2021-12-24,"Madison",229,206,63
2021-12-25,"Madison",114,89,NA
2021-12-26,"Madison",274,254,162
2021-12-27,"Madison",724,762,545
2021-12-28,"Madison",882,857,359
2021-12-29,"Madison",1036,1000,375
2021-12-30,"Madison",880,863,237
2021-12-31,"Madison",638,611,NA
2022-01-01,"Madison",281,235,NA
2022-01-02,"Madison",435,364,104
2022-01-03,"Madison",1183,1281,401
2022-01-04,"Madison",1412,1449,511
2022-01-05,"Madison",1275,1243,452
2022-01-06,"Madison",1150,1134,491
2022-01-07,"Madison",1070,1069,397
2022-01-08,"Madison",638,615,68
2022-01-09,"Madison",554,520,294
2022-01-10,"Madison",1158,1273,444
2022-01-11,"Madison",1163,1209,433
2022-01-12,"Madison",1028,1045,673
2022-01-13,"Madison",936,914,1143
2022-01-14,"Madison",948,930,1053
2022-01-15,"Madison",406,365,535
2022-01-16,"Madison",305,244,7137
2022-01-17,"Madison",742,780,2106
2022-01-18,"Madison",959,1050,875
2022-01-19,"Madison",800,853,1924
2022-01-20,"Madison",657,663,891
2022-01-21,"Madison",542,555,614
2022-01-22,"Madison",258,221,475
2022-01-23,"Madison",182,154,420
2022-01-24,"Madison",674,693,428
2022-01-25,"Madison",534,555,560
2022-01-26,"Madison",443,462,600
2022-01-27,"Madison",442,434,539
2022-01-28,"Madison",364,375,356
2022-01-29,"Madison",229,226,323
2022-01-30,"Madison",147,118,263
2022-01-31,"Madison",374,415,240
2022-02-01,"Madison",350,411,369
2022-02-02,"Madison",287,314,415
2022-02-03,"Madison",49,51,315
NA,"Madison",NA,NA,250
