Date,Cases,Tests,Population,ServiceID
2020-04-11,143,4382,386168,MMSD
2020-04-12,145,4494,386168,MMSD
2020-04-13,152,4587,386168,MMSD
2020-04-14,157,4669,386168,MMSD
2020-04-15,158,4762,386168,MMSD
2020-04-16,158,4907,386168,MMSD
2020-04-17,159,5031,386168,MMSD
2020-04-18,161,5173,386168,MMSD
2020-04-19,161,5326,386168,MMSD
2020-04-20,167,5458,386168,MMSD
2020-04-21,189,5557,386168,MMSD
2020-04-22,193,5730,386168,MMSD
2020-04-23,198,6009,386168,MMSD
2020-04-24,201,6293,386168,MMSD
2020-04-25,205,6521,386168,MMSD
2020-04-26,210,6810,386168,MMSD
2020-04-27,212,7048,386168,MMSD
2020-04-28,222,7533,386168,MMSD
2020-04-29,226,8131,386168,MMSD
2020-04-30,231,8330,386168,MMSD
2020-05-01,232,8629,386168,MMSD
2020-05-02,233,8795,386168,MMSD
2020-05-03,235,9007,386168,MMSD
2020-05-04,242,9238,386168,MMSD
2020-05-05,243,9503,386168,MMSD
2020-05-06,250,9759,386168,MMSD
2020-05-07,251,10122,386168,MMSD
2020-05-08,252,10354,386168,MMSD
2020-05-09,255,10609,386168,MMSD
2020-05-10,262,10846,386168,MMSD
2020-05-11,274,11074,386168,MMSD
2020-05-12,276,11376,386168,MMSD
2020-05-13,279,11646,386168,MMSD
2020-05-14,286,11987,386168,MMSD
2020-05-15,294,12865,386168,MMSD
2020-05-16,308,13264,386168,MMSD
2020-05-17,320,13697,386168,MMSD
2020-05-18,321,13906,386168,MMSD
2020-05-19,323,14189,386168,MMSD
2020-05-20,342,14695,386168,MMSD
2020-05-21,351,15761,386168,MMSD
2020-05-22,361,16740,386168,MMSD
2020-05-23,372,17855,386168,MMSD
2020-05-24,372,18134,386168,MMSD
2020-05-25,377,18683,386168,MMSD
2020-05-26,392,19616,386168,MMSD
2020-05-27,418,20303,386168,MMSD
2020-05-28,433,21055,386168,MMSD
2020-05-29,456,21983,386168,MMSD
2020-05-30,468,22510,386168,MMSD
2020-05-31,479,23077,386168,MMSD
2020-06-01,480,23228,386168,MMSD
2020-06-02,493,23731,386168,MMSD
2020-06-03,507,24571,386168,MMSD
2020-06-04,516,25795,386168,MMSD
2020-06-05,524,26772,386168,MMSD
2020-06-06,536,27447,386168,MMSD
2020-06-07,559,27824,386168,MMSD
2020-06-08,569,28503,386168,MMSD
2020-06-09,578,29646,386168,MMSD
2020-06-10,589,30739,386168,MMSD
2020-06-11,604,31123,386168,MMSD
2020-06-12,629,32403,386168,MMSD
2020-06-13,639,33259,386168,MMSD
2020-06-14,654,33689,386168,MMSD
2020-06-15,665,33971,386168,MMSD
2020-06-16,675,35502,386168,MMSD
2020-06-17,692,36235,386168,MMSD
2020-06-18,705,37079,386168,MMSD
2020-06-19,720,38019,386168,MMSD
2020-06-20,740,38648,386168,MMSD
2020-06-21,767,38831,386168,MMSD
2020-06-22,790,39313,386168,MMSD
2020-06-23,833,40653,386168,MMSD
2020-06-24,906,41552,386168,MMSD
2020-06-25,975,42796,386168,MMSD
2020-06-26,1083,43825,386168,MMSD
2020-06-27,1161,44453,386168,MMSD
2020-06-28,1240,44534,386168,MMSD
2020-06-29,1314,44692,386168,MMSD
2020-06-30,1446,45800,386168,MMSD
2020-07-01,1530,46736,386168,MMSD
2020-07-02,1617,49456,386168,MMSD
2020-07-03,1718,51064,386168,MMSD
2020-07-04,1835,51748,386168,MMSD
2020-07-05,1900,51821,386168,MMSD
2020-07-06,1974,52256,386168,MMSD
2020-07-07,2022,54110,386168,MMSD
2020-07-08,2078,55684,386168,MMSD
2020-07-09,2136,58042,386168,MMSD
2020-07-10,2232,59947,386168,MMSD
2020-07-11,2331,60795,386168,MMSD
2020-07-12,2405,61232,386168,MMSD
2020-07-13,2443,61524,386168,MMSD
2020-07-14,2521,63408,386168,MMSD
2020-07-15,2594,64798,386168,MMSD
2020-07-16,2638,66509,386168,MMSD
2020-07-17,2692,68174,386168,MMSD
2020-07-18,2742,68718,386168,MMSD
2020-07-19,2778,69284,386168,MMSD
2020-07-20,2819,69625,386168,MMSD
2020-07-21,2847,70850,386168,MMSD
2020-07-22,2892,72501,386168,MMSD
2020-07-23,2919,73865,386168,MMSD
2020-07-24,2965,76046,386168,MMSD
2020-07-25,3010,77528,386168,MMSD
2020-07-26,3041,78252,386168,MMSD
2020-07-27,3076,78678,386168,MMSD
2020-07-28,3109,80625,386168,MMSD
2020-07-29,3148,82443,386168,MMSD
2020-07-30,3180,84592,386168,MMSD
2020-07-31,3232,85859,386168,MMSD
2020-08-01,3251,87202,386168,MMSD
2020-08-02,3312,88253,386168,MMSD
2020-08-03,3331,88866,386168,MMSD
2020-08-04,3355,90862,386168,MMSD
2020-08-05,3419,93097,386168,MMSD
2020-08-06,3455,94718,386168,MMSD
2020-08-07,3508,95880,386168,MMSD
2020-08-08,3545,96700,386168,MMSD
2020-08-09,3578,97547,386168,MMSD
2020-08-10,3588,98885,386168,MMSD
2020-08-11,3610,100170,386168,MMSD
2020-08-12,3650,101287,386168,MMSD
2020-08-13,3675,102583,386168,MMSD
2020-08-14,3731,103074,386168,MMSD
2020-08-15,3760,103910,386168,MMSD
2020-08-16,3802,104135,386168,MMSD
2020-08-17,3816,104776,386168,MMSD
2020-08-18,3828,105941,386168,MMSD
2020-08-19,3849,107282,386168,MMSD
2020-08-20,3872,108148,386168,MMSD
2020-08-21,3901,108883,386168,MMSD
2020-08-22,3941,109361,386168,MMSD
2020-08-23,3966,109977,386168,MMSD
2020-08-24,3985,110516,386168,MMSD
2020-08-25,4020,111610,386168,MMSD
2020-08-26,4057,112510,386168,MMSD
2020-08-27,4125,113842,386168,MMSD
2020-08-28,4161,114548,386168,MMSD
2020-08-29,4204,115592,386168,MMSD
2020-08-30,4238,116183,386168,MMSD
2020-08-31,4246,116907,386168,MMSD
2020-09-01,4325,117694,386168,MMSD
2020-09-02,4370,118574,386168,MMSD
2020-09-03,4437,119282,386168,MMSD
2020-09-04,4577,119866,386168,MMSD
2020-09-05,4728,120492,386168,MMSD
2020-09-06,4862,121368,386168,MMSD
2020-09-07,4939,122167,386168,MMSD
2020-09-08,5124,122451,386168,MMSD
2020-09-09,5207,123190,386168,MMSD
2020-09-10,5598,124222,386168,MMSD
2020-09-11,5853,124710,386168,MMSD
2020-09-12,6009,125295,386168,MMSD
2020-09-13,6186,126121,386168,MMSD
2020-09-14,6368,126531,386168,MMSD
2020-09-15,6448,127499,386168,MMSD
2020-09-16,6541,128376,386168,MMSD
2020-09-17,6758,131177,386168,MMSD
2020-09-18,6935,133192,386168,MMSD
2020-09-19,7078,135290,386168,MMSD
2020-09-20,7219,136522,386168,MMSD
2020-09-21,7282,137479,386168,MMSD
2020-09-22,7330,139849,386168,MMSD
2020-09-23,7401,140889,386168,MMSD
2020-09-24,7529,141858,386168,MMSD
2020-09-25,7625,143100,386168,MMSD
2020-09-26,7734,143737,386168,MMSD
2020-09-27,7820,144273,386168,MMSD
2020-09-28,7934,144867,386168,MMSD
2020-09-29,8013,145649,386168,MMSD
2020-09-30,8087,146511,386168,MMSD
2020-10-01,8209,147663,386168,MMSD
2020-10-02,8270,148478,386168,MMSD
2020-10-03,8351,149104,386168,MMSD
2020-10-04,8429,149240,386168,MMSD
2020-10-05,8481,149624,386168,MMSD
2020-10-06,8591,150805,386168,MMSD
2020-10-07,8647,151863,386168,MMSD
2020-10-08,8734,153152,386168,MMSD
2020-10-09,8873,154404,386168,MMSD
2020-10-10,9002,155179,386168,MMSD
2020-10-11,9131,155363,386168,MMSD
2020-10-12,9234,155906,386168,MMSD
2020-10-13,9314,156692,386168,MMSD
2020-10-14,9418,157535,386168,MMSD
2020-10-15,9557,158557,386168,MMSD
2020-10-16,9706,159886,386168,MMSD
2020-10-17,9706,159886,386168,MMSD
2020-10-18,9853,166886,386168,MMSD
2020-10-19,9855,170093,386168,MMSD
2020-10-20,10088,170854,386168,MMSD
2020-10-21,10314,171411,386168,MMSD
2020-10-22,10458,172551,386168,MMSD
2020-10-23,10646,173678,386168,MMSD
2020-10-24,10834,174929,386168,MMSD
2020-10-25,11049,176017,386168,MMSD
2020-10-26,11176,177080,386168,MMSD
2020-10-27,11388,178219,386168,MMSD
2020-10-28,11679,178914,386168,MMSD
2020-10-29,11810,179545,386168,MMSD
2020-10-30,12118,180785,386168,MMSD
2020-10-31,12375,182219,386168,MMSD
2020-11-01,12514,183570,386168,MMSD
2020-11-02,12661,184278,386168,MMSD
2020-11-03,13107,185853,386168,MMSD
2020-11-04,13260,186809,386168,MMSD
2020-11-05,13507,187692,386168,MMSD
2020-11-06,13886,188868,386168,MMSD
2020-11-07,14234,190245,386168,MMSD
2020-11-08,14420,191030,386168,MMSD
2020-11-09,14642,191953,386168,MMSD
2020-11-10,15178,193598,386168,MMSD
2020-11-11,15510,194828,386168,MMSD
2020-11-12,16000,196021,386168,MMSD
2020-11-13,16324,196975,386168,MMSD
2020-11-14,16562,198813,386168,MMSD
2020-11-15,16877,200170,386168,MMSD
2020-11-16,17250,200875,386168,MMSD
2020-11-17,17763,202610,386168,MMSD
2020-11-18,18200,204269,386168,MMSD
2020-11-19,18478,205262,386168,MMSD
2020-11-20,18852,207051,386168,MMSD
2020-11-21,19109,208154,386168,MMSD
2020-11-22,19265,209421,386168,MMSD
2020-11-23,19375,210559,386168,MMSD
2020-11-24,19968,212250,386168,MMSD
2020-11-25,20149,213150,386168,MMSD
2020-11-26,20425,214265,386168,MMSD
2020-11-27,20463,214992,386168,MMSD
2020-11-28,20776,215556,386168,MMSD
2020-11-29,21052,216462,386168,MMSD
2020-11-30,21251,217222,386168,MMSD
2020-12-01,21359,217493,386168,MMSD
2020-12-02,21551,217938,386168,MMSD
2020-12-03,21846,218903,386168,MMSD
2020-12-04,22098,219849,386168,MMSD
2020-12-05,22284,220572,386168,MMSD
2020-12-06,22385,221379,386168,MMSD
2020-12-07,22575,222099,386168,MMSD
2020-12-08,22684,222458,386168,MMSD
2020-12-09,22818,223022,386168,MMSD
2020-12-10,23015,223938,386168,MMSD
2020-12-11,23165,224674,386168,MMSD
2020-12-12,23338,225442,386168,MMSD
2020-12-13,23501,226431,386168,MMSD
2020-12-14,23629,226916,386168,MMSD
2020-12-15,23669,227126,386168,MMSD
2020-12-16,23757,227679,386168,MMSD
2020-12-17,23943,228626,386168,MMSD
2020-12-18,24091,229287,386168,MMSD
2020-12-19,24244,230249,386168,MMSD
2020-12-20,24326,230866,386168,MMSD
2020-12-21,24421,231599,386168,MMSD
2020-12-22,24485,231952,386168,MMSD
2020-12-23,24598,232444,386168,MMSD
2020-12-24,24757,233394,386168,MMSD
2020-12-25,24879,234248,386168,MMSD
2020-12-26,24879,234655,386168,MMSD
2020-12-27,25008,235023,386168,MMSD
2020-12-28,25113,235570,386168,MMSD
2020-12-29,25171,235821,386168,MMSD
2020-12-30,25269,236068,386168,MMSD
2020-12-31,25458,236816,386168,MMSD
2021-01-01,25633,237515,386168,MMSD
2021-01-02,25633,237859,386168,MMSD
2021-01-03,25849,238232,386168,MMSD
2021-01-04,26006,238764,386168,MMSD
2021-01-05,26118,239140,386168,MMSD
2021-01-06,26276,239559,386168,MMSD
2021-01-07,26556,240359,386168,MMSD
2021-01-08,26785,241092,386168,MMSD
2021-01-09,26920,241753,386168,MMSD
2021-01-10,27065,242365,386168,MMSD
2021-01-11,27160,242831,386168,MMSD
2021-01-12,27240,243061,386168,MMSD
2021-01-13,27346,243397,386168,MMSD
2021-01-14,27533,244171,386168,MMSD
2021-01-15,27650,245019,386168,MMSD
2021-01-16,27775,245976,386168,MMSD
2021-01-17,27870,246471,386168,MMSD
2021-01-18,27931,246902,386168,MMSD
2021-01-19,27967,247449,386168,MMSD
2021-01-20,28012,247917,386168,MMSD
2021-01-21,28144,248894,386168,MMSD
2021-01-22,28287,250212,386168,MMSD
2021-01-23,28394,251739,386168,MMSD
2021-01-24,28493,252641,386168,MMSD
2021-01-25,28567,253034,386168,MMSD
2021-01-26,28630,253785,386168,MMSD
2021-01-27,28701,254526,386168,MMSD
2021-01-28,28905,255446,386168,MMSD
2021-01-29,29016,256258,386168,MMSD
2021-01-30,29134,256863,386168,MMSD
2021-01-31,29213,257345,386168,MMSD
2021-02-01,29266,257617,386168,MMSD
2021-02-02,29312,257764,386168,MMSD
2021-02-03,29377,258010,386168,MMSD
2021-02-04,29546,258683,386168,MMSD
2021-02-05,29647,259076,386168,MMSD
2021-02-06,29718,259420,386168,MMSD
2021-02-07,29783,259828,386168,MMSD
2021-02-08,29872,260249,386168,MMSD
2021-02-09,29908,260522,386168,MMSD
2021-02-10,29984,260949,386168,MMSD
2021-02-11,30087,261499,386168,MMSD
2021-02-12,30160,261856,386168,MMSD
2021-02-13,30229,262021,386168,MMSD
2021-02-14,30274,262265,386168,MMSD
2021-02-15,30313,262456,386168,MMSD
2021-02-16,30346,262536,386168,MMSD
2021-02-17,30422,262800,386168,MMSD
2021-02-18,30556,263219,386168,MMSD
2021-02-19,30694,263745,386168,MMSD
2021-02-20,30787,264216,386168,MMSD
2021-02-21,30860,264670,386168,MMSD
2021-02-22,30903,264956,386168,MMSD
2021-02-23,30942,265264,386168,MMSD
2021-02-24,31019,265481,386168,MMSD
2021-02-25,31073,265765,386168,MMSD
2021-02-26,31159,266014,386168,MMSD
2021-02-27,31301,266491,386168,MMSD
2021-02-28,31376,266775,386168,MMSD
2021-03-01,31420,267000,386168,MMSD
2021-03-02,31451,267096,386168,MMSD
2021-03-03,31510,267356,386168,MMSD
2021-03-04,31613,267854,386168,MMSD
2021-03-05,31653,268127,386168,MMSD
2021-03-06,31717,268483,386168,MMSD
2021-03-07,31757,268864,386168,MMSD
2021-03-08,31780,269074,386168,MMSD
2021-03-09,31797,269271,386168,MMSD
2021-03-10,31837,269623,386168,MMSD
2021-03-11,31901,269979,386168,MMSD
2021-03-12,31957,270308,386168,MMSD
2021-03-13,32000,270603,386168,MMSD
2021-03-14,32039,270875,386168,MMSD
2021-03-15,32058,271065,386168,MMSD
2021-03-16,32090,271268,386168,MMSD
2021-03-17,32123,271445,386168,MMSD
2021-03-18,32179,271812,386168,MMSD
2021-03-19,32216,272061,386168,MMSD
2021-03-20,32229,272163,386168,MMSD
2021-03-21,32265,272608,386168,MMSD
2021-03-22,32283,272840,386168,MMSD
2021-03-23,32303,272898,386168,MMSD
2021-03-24,32354,273240,386168,MMSD
2021-03-25,32406,273530,386168,MMSD
2021-03-26,32448,273710,386168,MMSD
2021-03-27,32491,273868,386168,MMSD
2021-03-28,32522,274163,386168,MMSD
2021-03-29,32554,274421,386168,MMSD
2021-03-30,32577,274521,386168,MMSD
2021-03-31,32603,274846,386168,MMSD
2021-04-01,32659,275233,386168,MMSD
2021-04-02,32722,275554,386168,MMSD
2021-04-03,32785,275956,386168,MMSD
2021-04-04,32848,276344,386168,MMSD
2021-04-05,32903,276675,386168,MMSD
2021-04-06,32939,276908,386168,MMSD
2021-04-07,32984,277283,386168,MMSD
2021-04-08,33087,277832,386168,MMSD
2021-04-09,33168,278213,386168,MMSD
2021-04-10,33238,278624,386168,MMSD
2021-04-11,33314,279042,386168,MMSD
2021-04-12,33353,279357,386168,MMSD
2021-04-13,33391,279601,386168,MMSD
2021-04-14,33468,280006,386168,MMSD
2021-04-15,33545,280479,386168,MMSD
2021-04-16,33609,280855,386168,MMSD
2021-04-17,33651,281246,386168,MMSD
2021-04-18,33701,281640,386168,MMSD
2021-04-19,33736,281922,386168,MMSD
2021-04-20,33775,282149,386168,MMSD
2021-04-21,33828,282535,386168,MMSD
2021-04-22,33901,283013,386168,MMSD
2021-04-23,33952,283402,386168,MMSD
2021-04-24,33999,283833,386168,MMSD
2021-04-25,34040,284193,386168,MMSD
2021-04-26,34060,284448,386168,MMSD
2021-04-27,34094,284678,386168,MMSD
2021-04-28,34131,285007,386168,MMSD
2021-04-29,34196,285525,386168,MMSD
2021-04-30,34248,286067,386168,MMSD
2021-05-01,34283,286463,386168,MMSD
2021-05-02,34317,286850,386168,MMSD
2021-05-03,34341,287097,386168,MMSD
2021-05-04,34359,287319,386168,MMSD
2021-05-05,34395,287652,386168,MMSD
2021-05-06,34450,288176,386168,MMSD
2021-05-07,34486,288543,386168,MMSD
2021-05-08,34503,288967,386168,MMSD
2021-05-09,34527,289307,386168,MMSD
2021-05-10,34538,289531,386168,MMSD
2021-05-11,34547,289735,386168,MMSD
2021-05-12,34568,290083,386168,MMSD
2021-05-13,34586,290428,386168,MMSD
2021-05-14,34614,290870,386168,MMSD
2021-05-15,34654,291302,386168,MMSD
2021-05-16,34662,291640,386168,MMSD
2021-05-17,34664,291793,386168,MMSD
2021-05-18,34685,292037,386168,MMSD
2021-05-19,34704,292394,386168,MMSD
2021-05-20,34737,292778,386168,MMSD
2021-05-21,34757,293067,386168,MMSD
2021-05-22,34778,293454,386168,MMSD
2021-05-23,34792,293738,386168,MMSD
2021-05-24,34802,293948,386168,MMSD
2021-05-25,34809,294104,386168,MMSD
2021-05-26,34825,294396,386168,MMSD
2021-05-27,34837,294690,386168,MMSD
2021-05-28,34846,294894,386168,MMSD
2021-05-29,34856,295091,386168,MMSD
2021-05-30,34865,295282,386168,MMSD
2021-05-31,34869,295416,386168,MMSD
2021-06-01,34870,295524,386168,MMSD
2021-06-02,34877,295625,386168,MMSD
2021-06-03,34882,295640,386168,MMSD
2021-06-04,34892,295858,386168,MMSD
2021-06-05,34896,296081,386168,MMSD
2021-06-06,34901,296295,386168,MMSD
2021-06-07,34907,296471,386168,MMSD
2021-06-08,34916,296584,386168,MMSD
2021-06-09,34923,296777,386168,MMSD
2021-06-10,34927,296996,386168,MMSD
2021-06-11,34933,297127,386168,MMSD
2021-06-12,34946,297314,386168,MMSD
2021-06-13,34949,297512,386168,MMSD
2021-06-14,34954,297620,386168,MMSD
2021-06-15,34957,297636,386168,MMSD
2021-06-16,34957,297644,386168,MMSD
2021-06-17,34971,298050,386168,MMSD
2021-06-18,34984,298177,386168,MMSD
2021-06-19,34987,298331,386168,MMSD
2021-06-20,34995,298584,386168,MMSD
2021-06-21,34996,298687,386168,MMSD
2021-06-22,34999,298881,386168,MMSD
2021-06-23,35003,299101,386168,MMSD
2020-04-11,23,1115,111967,2
2020-04-12,23,1138,111967,2
2020-04-13,23,1161,111967,2
2020-04-14,28,1185,111967,2
2020-04-15,28,1202,111967,2
2020-04-16,28,1230,111967,2
2020-04-17,29,1257,111967,2
2020-04-18,29,1293,111967,2
2020-04-19,29,1336,111967,2
2020-04-20,30,1371,111967,2
2020-04-21,51,1417,111967,2
2020-04-22,54,1464,111967,2
2020-04-23,54,1538,111967,2
2020-04-24,54,1605,111967,2
2020-04-25,54,1664,111967,2
2020-04-26,54,1815,111967,2
2020-04-27,55,1909,111967,2
2020-04-28,60,2237,111967,2
2020-04-29,61,2599,111967,2
2020-04-30,61,2652,111967,2
2020-05-01,61,2730,111967,2
2020-05-02,62,2787,111967,2
2020-05-03,62,2837,111967,2
2020-05-04,69,2903,111967,2
2020-05-05,70,2959,111967,2
2020-05-06,70,3032,111967,2
2020-05-07,70,3136,111967,2
2020-05-08,70,3196,111967,2
2020-05-09,71,3283,111967,2
2020-05-10,71,3338,111967,2
2020-05-11,81,3399,111967,2
2020-05-12,81,3471,111967,2
2020-05-13,81,3528,111967,2
2020-05-14,86,3609,111967,2
2020-05-15,87,3913,111967,2
2020-05-16,88,4043,111967,2
2020-05-17,91,4180,111967,2
2020-05-18,91,4250,111967,2
2020-05-19,91,4319,111967,2
2020-05-20,99,4461,111967,2
2020-05-21,101,4776,111967,2
2020-05-22,101,5090,111967,2
2020-05-23,110,5451,111967,2
2020-05-24,110,5546,111967,2
2020-05-25,111,5688,111967,2
2020-05-26,113,5915,111967,2
2020-05-27,120,6077,111967,2
2020-05-28,122,6280,111967,2
2020-05-29,132,6576,111967,2
2020-05-30,138,6733,111967,2
2020-05-31,146,6910,111967,2
2020-06-01,146,6939,111967,2
2020-06-02,149,7095,111967,2
2020-06-03,158,7373,111967,2
2020-06-04,162,7835,111967,2
2020-06-05,168,8187,111967,2
2020-06-06,174,8400,111967,2
2020-06-07,179,8494,111967,2
2020-06-08,184,8817,111967,2
2020-06-09,186,9208,111967,2
2020-06-10,192,9639,111967,2
2020-06-11,195,9775,111967,2
2020-06-12,203,10265,111967,2
2020-06-13,203,10603,111967,2
2020-06-14,206,10735,111967,2
2020-06-15,208,10841,111967,2
2020-06-16,212,11402,111967,2
2020-06-17,219,11630,111967,2
2020-06-18,225,11940,111967,2
2020-06-19,231,12324,111967,2
2020-06-20,239,12560,111967,2
2020-06-21,240,12604,111967,2
2020-06-22,251,12771,111967,2
2020-06-23,271,13165,111967,2
2020-06-24,313,13497,111967,2
2020-06-25,354,13895,111967,2
2020-06-26,417,14359,111967,2
2020-06-27,461,14632,111967,2
2020-06-28,508,14680,111967,2
2020-06-29,559,14753,111967,2
2020-06-30,634,15191,111967,2
2020-07-01,684,15535,111967,2
2020-07-02,731,16556,111967,2
2020-07-03,788,17197,111967,2
2020-07-04,856,17491,111967,2
2020-07-05,884,17522,111967,2
2020-07-06,918,17659,111967,2
2020-07-07,941,18326,111967,2
2020-07-08,965,18895,111967,2
2020-07-09,994,19702,111967,2
2020-07-10,1050,20468,111967,2
2020-07-11,1099,20739,111967,2
2020-07-12,1118,20850,111967,2
2020-07-13,1138,20943,111967,2
2020-07-14,1168,21595,111967,2
2020-07-15,1201,22091,111967,2
2020-07-16,1222,22613,111967,2
2020-07-17,1252,23196,111967,2
2020-07-18,1268,23414,111967,2
2020-07-19,1279,23612,111967,2
2020-07-20,1291,23739,111967,2
2020-07-21,1301,24159,111967,2
2020-07-22,1315,24586,111967,2
2020-07-23,1322,25021,111967,2
2020-07-24,1340,25748,111967,2
2020-07-25,1361,26244,111967,2
2020-07-26,1368,26528,111967,2
2020-07-27,1384,26675,111967,2
2020-07-28,1393,27279,111967,2
2020-07-29,1407,27826,111967,2
2020-07-30,1416,28498,111967,2
2020-07-31,1430,28847,111967,2
2020-08-01,1434,29286,111967,2
2020-08-02,1455,29616,111967,2
2020-08-03,1461,29799,111967,2
2020-08-04,1471,30351,111967,2
2020-08-05,1486,31033,111967,2
2020-08-06,1504,31552,111967,2
2020-08-07,1528,31900,111967,2
2020-08-08,1546,32184,111967,2
2020-08-09,1557,32427,111967,2
2020-08-10,1557,32817,111967,2
2020-08-11,1566,33255,111967,2
2020-08-12,1573,33613,111967,2
2020-08-13,1582,34033,111967,2
2020-08-14,1604,34203,111967,2
2020-08-15,1613,34475,111967,2
2020-08-16,1624,34532,111967,2
2020-08-17,1629,34754,111967,2
2020-08-18,1635,35107,111967,2
2020-08-19,1640,35551,111967,2
2020-08-20,1650,35876,111967,2
2020-08-21,1662,36173,111967,2
2020-08-22,1670,36347,111967,2
2020-08-23,1680,36615,111967,2
2020-08-24,1685,36816,111967,2
2020-08-25,1699,37206,111967,2
2020-08-26,1719,37508,111967,2
2020-08-27,1748,38056,111967,2
2020-08-28,1766,38370,111967,2
2020-08-29,1782,38802,111967,2
2020-08-30,1803,39104,111967,2
2020-08-31,1809,39463,111967,2
2020-09-01,1857,39907,111967,2
2020-09-02,1893,40240,111967,2
2020-09-03,1932,40599,111967,2
2020-09-04,2035,40895,111967,2
2020-09-05,2164,41258,111967,2
2020-09-06,2275,41813,111967,2
2020-09-07,2337,42241,111967,2
2020-09-08,2502,42454,111967,2
2020-09-09,2577,42923,111967,2
2020-09-10,2918,43610,111967,2
2020-09-11,3140,43966,111967,2
2020-09-12,3266,44261,111967,2
2020-09-13,3403,44737,111967,2
2020-09-14,3559,45057,111967,2
2020-09-15,3628,45423,111967,2
2020-09-16,3683,45800,111967,2
2020-09-17,3844,47393,111967,2
2020-09-18,3957,48463,111967,2
2020-09-19,4049,49560,111967,2
2020-09-20,4140,50193,111967,2
2020-09-21,4187,50580,111967,2
2020-09-22,4211,51553,111967,2
2020-09-23,4239,51929,111967,2
2020-09-24,4301,52303,111967,2
2020-09-25,4347,52727,111967,2
2020-09-26,4400,52982,111967,2
2020-09-27,4426,53131,111967,2
2020-09-28,4473,53353,111967,2
2020-09-29,4498,53587,111967,2
2020-09-30,4523,53892,111967,2
2020-10-01,4563,54375,111967,2
2020-10-02,4580,54698,111967,2
2020-10-03,4608,54862,111967,2
2020-10-04,4633,54906,111967,2
2020-10-05,4641,55008,111967,2
2020-10-06,4665,55383,111967,2
2020-10-07,4680,55775,111967,2
2020-10-08,4705,56117,111967,2
2020-10-09,4739,56504,111967,2
2020-10-10,4781,56760,111967,2
2020-10-11,4823,56815,111967,2
2020-10-12,4849,56954,111967,2
2020-10-13,4859,57160,111967,2
2020-10-14,4898,57378,111967,2
2020-10-15,4938,57670,111967,2
2020-10-16,4973,58029,111967,2
2020-10-17,4973,58029,111967,2
2020-10-18,5014,60141,111967,2
2020-10-19,5015,61023,111967,2
2020-10-20,5081,61241,111967,2
2020-10-21,5134,61419,111967,2
2020-10-22,5179,61746,111967,2
2020-10-23,5232,62059,111967,2
2020-10-24,5280,62418,111967,2
2020-10-25,5343,62736,111967,2
2020-10-26,5382,63004,111967,2
2020-10-27,5425,63270,111967,2
2020-10-28,5501,63488,111967,2
2020-10-29,5536,63639,111967,2
2020-10-30,5629,63964,111967,2
2020-10-31,5709,64428,111967,2
2020-11-01,5750,64800,111967,2
2020-11-02,5786,64988,111967,2
2020-11-03,5907,65401,111967,2
2020-11-04,5976,65700,111967,2
2020-11-05,6032,65911,111967,2
2020-11-06,6159,66262,111967,2
2020-11-07,6268,66641,111967,2
2020-11-08,6355,66922,111967,2
2020-11-09,6441,67196,111967,2
2020-11-10,6616,67681,111967,2
2020-11-11,6722,68008,111967,2
2020-11-12,6918,68385,111967,2
2020-11-13,7058,68680,111967,2
2020-11-14,7171,69286,111967,2
2020-11-15,7303,69667,111967,2
2020-11-16,7423,69883,111967,2
2020-11-17,7583,70411,111967,2
2020-11-18,7737,70893,111967,2
2020-11-19,7845,71198,111967,2
2020-11-20,7962,71724,111967,2
2020-11-21,8065,72043,111967,2
2020-11-22,8112,72423,111967,2
2020-11-23,8182,72847,111967,2
2020-11-24,8359,73408,111967,2
2020-11-25,8419,73645,111967,2
2020-11-26,8500,73991,111967,2
2020-11-27,8508,74145,111967,2
2020-11-28,8588,74281,111967,2
2020-11-29,8655,74485,111967,2
2020-11-30,8689,74652,111967,2
2020-12-01,8726,74725,111967,2
2020-12-02,8795,74847,111967,2
2020-12-03,8884,75100,111967,2
2020-12-04,8962,75351,111967,2
2020-12-05,9018,75546,111967,2
2020-12-06,9063,75782,111967,2
2020-12-07,9111,75935,111967,2
2020-12-08,9141,76016,111967,2
2020-12-09,9177,76170,111967,2
2020-12-10,9234,76419,111967,2
2020-12-11,9279,76662,111967,2
2020-12-12,9324,76793,111967,2
2020-12-13,9369,77039,111967,2
2020-12-14,9389,77148,111967,2
2020-12-15,9398,77197,111967,2
2020-12-16,9420,77363,111967,2
2020-12-17,9465,77657,111967,2
2020-12-18,9505,77860,111967,2
2020-12-19,9540,78154,111967,2
2020-12-20,9569,78337,111967,2
2020-12-21,9592,78545,111967,2
2020-12-22,9612,78671,111967,2
2020-12-23,9642,78820,111967,2
2020-12-24,9688,79100,111967,2
2020-12-25,9720,79313,111967,2
2020-12-26,9720,79400,111967,2
2020-12-27,9752,79498,111967,2
2020-12-28,9779,79614,111967,2
2020-12-29,9795,79666,111967,2
2020-12-30,9817,79718,111967,2
2020-12-31,9871,79939,111967,2
2021-01-01,9917,80110,111967,2
2021-01-02,9917,80199,111967,2
2021-01-03,9963,80283,111967,2
2021-01-04,10006,80415,111967,2
2021-01-05,10049,80520,111967,2
2021-01-06,10104,80641,111967,2
2021-01-07,10201,80859,111967,2
2021-01-08,10251,81005,111967,2
2021-01-09,10284,81137,111967,2
2021-01-10,10322,81274,111967,2
2021-01-11,10351,81377,111967,2
2021-01-12,10373,81414,111967,2
2021-01-13,10414,81514,111967,2
2021-01-14,10479,81754,111967,2
2021-01-15,10508,82048,111967,2
2021-01-16,10537,82417,111967,2
2021-01-17,10564,82534,111967,2
2021-01-18,10582,82634,111967,2
2021-01-19,10593,82878,111967,2
2021-01-20,10612,83127,111967,2
2021-01-21,10648,83512,111967,2
2021-01-22,10687,84040,111967,2
2021-01-23,10711,84729,111967,2
2021-01-24,10747,85120,111967,2
2021-01-25,10774,85226,111967,2
2021-01-26,10798,85631,111967,2
2021-01-27,10828,86096,111967,2
2021-01-28,10922,86553,111967,2
2021-01-29,10968,86935,111967,2
2021-01-30,11012,87162,111967,2
2021-01-31,11042,87312,111967,2
2021-02-01,11059,87390,111967,2
2021-02-02,11087,87451,111967,2
2021-02-03,11133,87537,111967,2
2021-02-04,11233,87822,111967,2
2021-02-05,11288,87973,111967,2
2021-02-06,11325,88103,111967,2
2021-02-07,11362,88231,111967,2
2021-02-08,11405,88389,111967,2
2021-02-09,11417,88456,111967,2
2021-02-10,11473,88675,111967,2
2021-02-11,11532,88892,111967,2
2021-02-12,11566,89007,111967,2
2021-02-13,11595,89046,111967,2
2021-02-14,11622,89104,111967,2
2021-02-15,11639,89143,111967,2
2021-02-16,11661,89168,111967,2
2021-02-17,11725,89259,111967,2
2021-02-18,11836,89478,111967,2
2021-02-19,11941,89721,111967,2
2021-02-20,11995,89907,111967,2
2021-02-21,12050,90066,111967,2
2021-02-22,12077,90158,111967,2
2021-02-23,12103,90238,111967,2
2021-02-24,12156,90318,111967,2
2021-02-25,12183,90385,111967,2
2021-02-26,12245,90485,111967,2
2021-02-27,12341,90650,111967,2
2021-02-28,12399,90747,111967,2
2021-03-01,12416,90785,111967,2
2021-03-02,12432,90807,111967,2
2021-03-03,12463,90894,111967,2
2021-03-04,12513,91029,111967,2
2021-03-05,12525,91098,111967,2
2021-03-06,12552,91201,111967,2
2021-03-07,12567,91298,111967,2
2021-03-08,12575,91341,111967,2
2021-03-09,12576,91372,111967,2
2021-03-10,12600,91488,111967,2
2021-03-11,12626,91581,111967,2
2021-03-12,12642,91672,111967,2
2021-03-13,12658,91731,111967,2
2021-03-14,12672,91791,111967,2
2021-03-15,12679,91831,111967,2
2021-03-16,12687,91871,111967,2
2021-03-17,12703,91909,111967,2
2021-03-18,12713,91969,111967,2
2021-03-19,12724,92015,111967,2
2021-03-20,12730,92030,111967,2
2021-03-21,12741,92114,111967,2
2021-03-22,12744,92144,111967,2
2021-03-23,12745,92150,111967,2
2021-03-24,12772,92223,111967,2
2021-03-25,12792,92284,111967,2
2021-03-26,12804,92324,111967,2
2021-03-27,12819,92367,111967,2
2021-03-28,12829,92430,111967,2
2021-03-29,12836,92463,111967,2
2021-03-30,12838,92480,111967,2
2021-03-31,12852,92558,111967,2
2021-04-01,12868,92647,111967,2
2021-04-02,12883,92726,111967,2
2021-04-03,12895,92814,111967,2
2021-04-04,12914,92911,111967,2
2021-04-05,12919,92982,111967,2
2021-04-06,12932,93039,111967,2
2021-04-07,12961,93155,111967,2
2021-04-08,12989,93290,111967,2
2021-04-09,13008,93395,111967,2
2021-04-10,13037,93495,111967,2
2021-04-11,13058,93591,111967,2
2021-04-12,13067,93655,111967,2
2021-04-13,13077,93716,111967,2
2021-04-14,13106,93830,111967,2
2021-04-15,13127,93915,111967,2
2021-04-16,13144,94003,111967,2
2021-04-17,13156,94110,111967,2
2021-04-18,13177,94194,111967,2
2021-04-19,13186,94258,111967,2
2021-04-20,13198,94308,111967,2
2021-04-21,13223,94407,111967,2
2021-04-22,13258,94524,111967,2
2021-04-23,13278,94624,111967,2
2021-04-24,13293,94736,111967,2
2021-04-25,13312,94809,111967,2
2021-04-26,13318,94869,111967,2
2021-04-27,13333,94927,111967,2
2021-04-28,13350,94998,111967,2
2021-04-29,13378,95134,111967,2
2021-04-30,13393,95272,111967,2
2021-05-01,13405,95356,111967,2
2021-05-02,13417,95451,111967,2
2021-05-03,13423,95507,111967,2
2021-05-04,13432,95565,111967,2
2021-05-05,13443,95649,111967,2
2021-05-06,13457,95778,111967,2
2021-05-07,13466,95896,111967,2
2021-05-08,13470,96002,111967,2
2021-05-09,13475,96079,111967,2
2021-05-10,13475,96141,111967,2
2021-05-11,13478,96186,111967,2
2021-05-12,13483,96260,111967,2
2021-05-13,13491,96338,111967,2
2021-05-14,13502,96470,111967,2
2021-05-15,13518,96567,111967,2
2021-05-16,13522,96662,111967,2
2021-05-17,13523,96692,111967,2
2021-05-18,13530,96771,111967,2
2021-05-19,13537,96849,111967,2
2021-05-20,13549,96931,111967,2
2021-05-21,13552,96981,111967,2
2021-05-22,13557,97086,111967,2
2021-05-23,13564,97160,111967,2
2021-05-24,13569,97205,111967,2
2021-05-25,13570,97234,111967,2
2021-05-26,13575,97303,111967,2
2021-05-27,13580,97357,111967,2
2021-05-28,13580,97404,111967,2
2021-05-29,13583,97440,111967,2
2021-05-30,13585,97486,111967,2
2021-05-31,13588,97518,111967,2
2021-06-01,13588,97537,111967,2
2021-06-02,13590,97557,111967,2
2021-06-03,13591,97561,111967,2
2021-06-04,13597,97618,111967,2
2021-06-05,13598,97667,111967,2
2021-06-06,13599,97716,111967,2
2021-06-07,13599,97750,111967,2
2021-06-08,13602,97772,111967,2
2021-06-09,13607,97812,111967,2
2021-06-10,13607,97863,111967,2
2021-06-11,13608,97900,111967,2
2021-06-12,13612,97924,111967,2
2021-06-13,13614,97968,111967,2
2021-06-14,13614,97984,111967,2
2021-06-15,13615,97988,111967,2
2021-06-16,13615,97989,111967,2
2021-06-17,13619,98065,111967,2
2021-06-18,13625,98097,111967,2
2021-06-19,13625,98128,111967,2
2021-06-20,13628,98178,111967,2
2021-06-21,13629,98194,111967,2
2021-06-22,13630,98227,111967,2
2021-06-23,13631,98278,111967,2
2020-04-11,29,906,81977,7
2020-04-12,30,932,81977,7
2020-04-13,35,953,81977,7
2020-04-14,35,970,81977,7
2020-04-15,36,987,81977,7
2020-04-16,36,1014,81977,7
2020-04-17,37,1051,81977,7
2020-04-18,38,1088,81977,7
2020-04-19,38,1123,81977,7
2020-04-20,39,1149,81977,7
2020-04-21,39,1164,81977,7
2020-04-22,39,1202,81977,7
2020-04-23,39,1252,81977,7
2020-04-24,39,1332,81977,7
2020-04-25,39,1382,81977,7
2020-04-26,39,1414,81977,7
2020-04-27,40,1458,81977,7
2020-04-28,40,1508,81977,7
2020-04-29,40,1571,81977,7
2020-04-30,40,1609,81977,7
2020-05-01,41,1685,81977,7
2020-05-02,41,1727,81977,7
2020-05-03,41,1772,81977,7
2020-05-04,42,1817,81977,7
2020-05-05,42,1869,81977,7
2020-05-06,42,1927,81977,7
2020-05-07,42,1999,81977,7
2020-05-08,42,2050,81977,7
2020-05-09,43,2105,81977,7
2020-05-10,43,2162,81977,7
2020-05-11,48,2210,81977,7
2020-05-12,48,2283,81977,7
2020-05-13,50,2347,81977,7
2020-05-14,57,2430,81977,7
2020-05-15,63,2679,81977,7
2020-05-16,75,2798,81977,7
2020-05-17,78,2917,81977,7
2020-05-18,78,2972,81977,7
2020-05-19,79,3038,81977,7
2020-05-20,82,3153,81977,7
2020-05-21,84,3464,81977,7
2020-05-22,85,3761,81977,7
2020-05-23,88,4019,81977,7
2020-05-24,88,4094,81977,7
2020-05-25,89,4215,81977,7
2020-05-26,91,4396,81977,7
2020-05-27,91,4523,81977,7
2020-05-28,95,4668,81977,7
2020-05-29,103,4875,81977,7
2020-05-30,108,4999,81977,7
2020-05-31,109,5095,81977,7
2020-06-01,109,5129,81977,7
2020-06-02,118,5267,81977,7
2020-06-03,121,5487,81977,7
2020-06-04,121,5799,81977,7
2020-06-05,122,6026,81977,7
2020-06-06,124,6185,81977,7
2020-06-07,127,6254,81977,7
2020-06-08,127,6427,81977,7
2020-06-09,128,6693,81977,7
2020-06-10,129,6914,81977,7
2020-06-11,129,6981,81977,7
2020-06-12,133,7301,81977,7
2020-06-13,139,7536,81977,7
2020-06-14,140,7652,81977,7
2020-06-15,140,7728,81977,7
2020-06-16,140,8079,81977,7
2020-06-17,142,8232,81977,7
2020-06-18,144,8407,81977,7
2020-06-19,146,8631,81977,7
2020-06-20,148,8783,81977,7
2020-06-21,152,8827,81977,7
2020-06-22,153,8946,81977,7
2020-06-23,158,9245,81977,7
2020-06-24,173,9420,81977,7
2020-06-25,178,9658,81977,7
2020-06-26,189,9853,81977,7
2020-06-27,198,9980,81977,7
2020-06-28,201,9984,81977,7
2020-06-29,210,10007,81977,7
2020-06-30,227,10216,81977,7
2020-07-01,238,10412,81977,7
2020-07-02,252,11002,81977,7
2020-07-03,273,11303,81977,7
2020-07-04,302,11442,81977,7
2020-07-05,316,11457,81977,7
2020-07-06,326,11519,81977,7
2020-07-07,333,11897,81977,7
2020-07-08,346,12230,81977,7
2020-07-09,354,12698,81977,7
2020-07-10,365,13136,81977,7
2020-07-11,383,13319,81977,7
2020-07-12,394,13383,81977,7
2020-07-13,401,13425,81977,7
2020-07-14,416,13838,81977,7
2020-07-15,439,14129,81977,7
2020-07-16,452,14501,81977,7
2020-07-17,463,14856,81977,7
2020-07-18,472,14976,81977,7
2020-07-19,477,15110,81977,7
2020-07-20,490,15192,81977,7
2020-07-21,496,15473,81977,7
2020-07-22,505,15916,81977,7
2020-07-23,512,16236,81977,7
2020-07-24,524,16738,81977,7
2020-07-25,534,17052,81977,7
2020-07-26,544,17225,81977,7
2020-07-27,544,17299,81977,7
2020-07-28,551,17722,81977,7
2020-07-29,564,18185,81977,7
2020-07-30,571,18689,81977,7
2020-07-31,581,18975,81977,7
2020-08-01,587,19266,81977,7
2020-08-02,596,19504,81977,7
2020-08-03,602,19642,81977,7
2020-08-04,605,20069,81977,7
2020-08-05,611,20588,81977,7
2020-08-06,614,20922,81977,7
2020-08-07,620,21181,81977,7
2020-08-08,626,21384,81977,7
2020-08-09,634,21575,81977,7
2020-08-10,636,21894,81977,7
2020-08-11,644,22172,81977,7
2020-08-12,652,22418,81977,7
2020-08-13,658,22701,81977,7
2020-08-14,664,22804,81977,7
2020-08-15,666,22963,81977,7
2020-08-16,677,23006,81977,7
2020-08-17,680,23134,81977,7
2020-08-18,682,23364,81977,7
2020-08-19,688,23639,81977,7
2020-08-20,690,23788,81977,7
2020-08-21,694,23905,81977,7
2020-08-22,705,23996,81977,7
2020-08-23,708,24091,81977,7
2020-08-24,708,24169,81977,7
2020-08-25,711,24392,81977,7
2020-08-26,716,24588,81977,7
2020-08-27,724,24800,81977,7
2020-08-28,735,24926,81977,7
2020-08-29,740,25096,81977,7
2020-08-30,744,25172,81977,7
2020-08-31,744,25270,81977,7
2020-09-01,748,25368,81977,7
2020-09-02,750,25515,81977,7
2020-09-03,754,25608,81977,7
2020-09-04,762,25690,81977,7
2020-09-05,769,25775,81977,7
2020-09-06,780,25884,81977,7
2020-09-07,782,25987,81977,7
2020-09-08,787,26008,81977,7
2020-09-09,793,26106,81977,7
2020-09-10,806,26202,81977,7
2020-09-11,811,26243,81977,7
2020-09-12,817,26314,81977,7
2020-09-13,831,26412,81977,7
2020-09-14,838,26436,81977,7
2020-09-15,839,26603,81977,7
2020-09-16,852,26727,81977,7
2020-09-17,875,27150,81977,7
2020-09-18,885,27454,81977,7
2020-09-19,892,27728,81977,7
2020-09-20,899,27915,81977,7
2020-09-21,907,28105,81977,7
2020-09-22,912,28464,81977,7
2020-09-23,917,28643,81977,7
2020-09-24,930,28828,81977,7
2020-09-25,946,29077,81977,7
2020-09-26,959,29202,81977,7
2020-09-27,974,29342,81977,7
2020-09-28,997,29436,81977,7
2020-09-29,1012,29580,81977,7
2020-09-30,1033,29750,81977,7
2020-10-01,1057,29963,81977,7
2020-10-02,1073,30133,81977,7
2020-10-03,1104,30281,81977,7
2020-10-04,1115,30307,81977,7
2020-10-05,1118,30395,81977,7
2020-10-06,1142,30637,81977,7
2020-10-07,1158,30842,81977,7
2020-10-08,1168,31113,81977,7
2020-10-09,1199,31371,81977,7
2020-10-10,1226,31533,81977,7
2020-10-11,1249,31566,81977,7
2020-10-12,1274,31698,81977,7
2020-10-13,1296,31860,81977,7
2020-10-14,1315,32037,81977,7
2020-10-15,1352,32265,81977,7
2020-10-16,1396,32588,81977,7
2020-10-17,1396,32588,81977,7
2020-10-18,1436,34102,81977,7
2020-10-19,1436,34884,81977,7
2020-10-20,1498,35057,81977,7
2020-10-21,1545,35162,81977,7
2020-10-22,1576,35432,81977,7
2020-10-23,1631,35684,81977,7
2020-10-24,1667,35991,81977,7
2020-10-25,1730,36231,81977,7
2020-10-26,1756,36471,81977,7
2020-10-27,1808,36735,81977,7
2020-10-28,1866,36862,81977,7
2020-10-29,1886,36997,81977,7
2020-10-30,1954,37252,81977,7
2020-10-31,2006,37520,81977,7
2020-11-01,2027,37786,81977,7
2020-11-02,2059,37946,81977,7
2020-11-03,2160,38274,81977,7
2020-11-04,2190,38473,81977,7
2020-11-05,2249,38666,81977,7
2020-11-06,2317,38895,81977,7
2020-11-07,2385,39177,81977,7
2020-11-08,2412,39323,81977,7
2020-11-09,2455,39509,81977,7
2020-11-10,2556,39852,81977,7
2020-11-11,2636,40125,81977,7
2020-11-12,2717,40336,81977,7
2020-11-13,2781,40527,81977,7
2020-11-14,2819,40942,81977,7
2020-11-15,2886,41226,81977,7
2020-11-16,2966,41375,81977,7
2020-11-17,3073,41738,81977,7
2020-11-18,3159,42075,81977,7
2020-11-19,3206,42246,81977,7
2020-11-20,3281,42623,81977,7
2020-11-21,3340,42877,81977,7
2020-11-22,3365,43164,81977,7
2020-11-23,3377,43380,81977,7
2020-11-24,3500,43703,81977,7
2020-11-25,3529,43860,81977,7
2020-11-26,3578,44076,81977,7
2020-11-27,3583,44209,81977,7
2020-11-28,3655,44328,81977,7
2020-11-29,3710,44520,81977,7
2020-11-30,3747,44676,81977,7
2020-12-01,3765,44716,81977,7
2020-12-02,3785,44778,81977,7
2020-12-03,3838,44971,81977,7
2020-12-04,3905,45177,81977,7
2020-12-05,3941,45336,81977,7
2020-12-06,3955,45504,81977,7
2020-12-07,4003,45663,81977,7
2020-12-08,4034,45748,81977,7
2020-12-09,4060,45857,81977,7
2020-12-10,4101,46074,81977,7
2020-12-11,4136,46236,81977,7
2020-12-12,4159,46365,81977,7
2020-12-13,4191,46554,81977,7
2020-12-14,4210,46643,81977,7
2020-12-15,4221,46684,81977,7
2020-12-16,4234,46781,81977,7
2020-12-17,4269,46984,81977,7
2020-12-18,4291,47125,81977,7
2020-12-19,4317,47333,81977,7
2020-12-20,4336,47448,81977,7
2020-12-21,4350,47601,81977,7
2020-12-22,4359,47645,81977,7
2020-12-23,4378,47727,81977,7
2020-12-24,4430,47940,81977,7
2020-12-25,4459,48141,81977,7
2020-12-26,4459,48220,81977,7
2020-12-27,4486,48286,81977,7
2020-12-28,4509,48428,81977,7
2020-12-29,4527,48486,81977,7
2020-12-30,4547,48532,81977,7
2020-12-31,4588,48679,81977,7
2021-01-01,4631,48843,81977,7
2021-01-02,4631,48932,81977,7
2021-01-03,4682,49017,81977,7
2021-01-04,4719,49143,81977,7
2021-01-05,4743,49221,81977,7
2021-01-06,4784,49303,81977,7
2021-01-07,4842,49475,81977,7
2021-01-08,4882,49609,81977,7
2021-01-09,4911,49743,81977,7
2021-01-10,4943,49858,81977,7
2021-01-11,4962,49967,81977,7
2021-01-12,4979,50013,81977,7
2021-01-13,4998,50065,81977,7
2021-01-14,5037,50240,81977,7
2021-01-15,5064,50379,81977,7
2021-01-16,5084,50513,81977,7
2021-01-17,5104,50614,81977,7
2021-01-18,5119,50699,81977,7
2021-01-19,5131,50760,81977,7
2021-01-20,5139,50803,81977,7
2021-01-21,5160,50955,81977,7
2021-01-22,5190,51168,81977,7
2021-01-23,5205,51333,81977,7
2021-01-24,5223,51462,81977,7
2021-01-25,5243,51554,81977,7
2021-01-26,5257,51638,81977,7
2021-01-27,5266,51689,81977,7
2021-01-28,5299,51807,81977,7
2021-01-29,5328,51936,81977,7
2021-01-30,5356,52025,81977,7
2021-01-31,5371,52114,81977,7
2021-02-01,5385,52166,81977,7
2021-02-02,5394,52185,81977,7
2021-02-03,5402,52222,81977,7
2021-02-04,5427,52310,81977,7
2021-02-05,5442,52376,81977,7
2021-02-06,5458,52441,81977,7
2021-02-07,5462,52521,81977,7
2021-02-08,5475,52592,81977,7
2021-02-09,5483,52652,81977,7
2021-02-10,5489,52707,81977,7
2021-02-11,5498,52805,81977,7
2021-02-12,5506,52859,81977,7
2021-02-13,5520,52884,81977,7
2021-02-14,5531,52931,81977,7
2021-02-15,5540,52974,81977,7
2021-02-16,5542,52979,81977,7
2021-02-17,5545,53047,81977,7
2021-02-18,5556,53095,81977,7
2021-02-19,5573,53166,81977,7
2021-02-20,5596,53260,81977,7
2021-02-21,5603,53345,81977,7
2021-02-22,5607,53406,81977,7
2021-02-23,5608,53468,81977,7
2021-02-24,5612,53506,81977,7
2021-02-25,5622,53555,81977,7
2021-02-26,5633,53599,81977,7
2021-02-27,5647,53696,81977,7
2021-02-28,5655,53751,81977,7
2021-03-01,5661,53791,81977,7
2021-03-02,5668,53809,81977,7
2021-03-03,5677,53860,81977,7
2021-03-04,5697,53962,81977,7
2021-03-05,5704,54021,81977,7
2021-03-06,5712,54097,81977,7
2021-03-07,5716,54181,81977,7
2021-03-08,5719,54212,81977,7
2021-03-09,5722,54255,81977,7
2021-03-10,5728,54312,81977,7
2021-03-11,5741,54379,81977,7
2021-03-12,5746,54464,81977,7
2021-03-13,5755,54525,81977,7
2021-03-14,5763,54573,81977,7
2021-03-15,5766,54609,81977,7
2021-03-16,5771,54651,81977,7
2021-03-17,5781,54681,81977,7
2021-03-18,5792,54757,81977,7
2021-03-19,5799,54803,81977,7
2021-03-20,5800,54817,81977,7
2021-03-21,5803,54911,81977,7
2021-03-22,5804,54950,81977,7
2021-03-23,5804,54956,81977,7
2021-03-24,5809,55014,81977,7
2021-03-25,5827,55087,81977,7
2021-03-26,5837,55114,81977,7
2021-03-27,5843,55137,81977,7
2021-03-28,5846,55194,81977,7
2021-03-29,5853,55243,81977,7
2021-03-30,5860,55270,81977,7
2021-03-31,5862,55328,81977,7
2021-04-01,5868,55406,81977,7
2021-04-02,5881,55488,81977,7
2021-04-03,5890,55569,81977,7
2021-04-04,5901,55642,81977,7
2021-04-05,5914,55704,81977,7
2021-04-06,5919,55751,81977,7
2021-04-07,5926,55809,81977,7
2021-04-08,5945,55926,81977,7
2021-04-09,5971,56032,81977,7
2021-04-10,5980,56107,81977,7
2021-04-11,5995,56189,81977,7
2021-04-12,6004,56245,81977,7
2021-04-13,6011,56309,81977,7
2021-04-14,6027,56395,81977,7
2021-04-15,6045,56491,81977,7
2021-04-16,6059,56585,81977,7
2021-04-17,6066,56664,81977,7
2021-04-18,6082,56756,81977,7
2021-04-19,6089,56813,81977,7
2021-04-20,6099,56868,81977,7
2021-04-21,6112,56960,81977,7
2021-04-22,6121,57071,81977,7
2021-04-23,6130,57148,81977,7
2021-04-24,6136,57213,81977,7
2021-04-25,6143,57284,81977,7
2021-04-26,6149,57337,81977,7
2021-04-27,6159,57389,81977,7
2021-04-28,6165,57449,81977,7
2021-04-29,6177,57534,81977,7
2021-04-30,6190,57636,81977,7
2021-05-01,6197,57710,81977,7
2021-05-02,6204,57792,81977,7
2021-05-03,6207,57834,81977,7
2021-05-04,6209,57868,81977,7
2021-05-05,6218,57931,81977,7
2021-05-06,6232,58050,81977,7
2021-05-07,6243,58135,81977,7
2021-05-08,6245,58222,81977,7
2021-05-09,6247,58281,81977,7
2021-05-10,6249,58335,81977,7
2021-05-11,6251,58371,81977,7
2021-05-12,6253,58443,81977,7
2021-05-13,6255,58504,81977,7
2021-05-14,6257,58592,81977,7
2021-05-15,6264,58690,81977,7
2021-05-16,6265,58771,81977,7
2021-05-17,6266,58802,81977,7
2021-05-18,6274,58857,81977,7
2021-05-19,6278,58941,81977,7
2021-05-20,6283,59025,81977,7
2021-05-21,6287,59092,81977,7
2021-05-22,6291,59180,81977,7
2021-05-23,6294,59243,81977,7
2021-05-24,6296,59293,81977,7
2021-05-25,6299,59323,81977,7
2021-05-26,6302,59390,81977,7
2021-05-27,6303,59450,81977,7
2021-05-28,6303,59482,81977,7
2021-05-29,6303,59524,81977,7
2021-05-30,6305,59558,81977,7
2021-05-31,6306,59574,81977,7
2021-06-01,6306,59596,81977,7
2021-06-02,6307,59617,81977,7
2021-06-03,6307,59620,81977,7
2021-06-04,6309,59672,81977,7
2021-06-05,6310,59707,81977,7
2021-06-06,6310,59744,81977,7
2021-06-07,6311,59778,81977,7
2021-06-08,6312,59799,81977,7
2021-06-09,6313,59834,81977,7
2021-06-10,6313,59876,81977,7
2021-06-11,6314,59895,81977,7
2021-06-12,6315,59920,81977,7
2021-06-13,6316,59948,81977,7
2021-06-14,6318,59962,81977,7
2021-06-15,6318,59963,81977,7
2021-06-16,6318,59963,81977,7
2021-06-17,6323,60048,81977,7
2021-06-18,6325,60072,81977,7
2021-06-19,6327,60100,81977,7
2021-06-20,6328,60145,81977,7
2021-06-21,6329,60172,81977,7
2021-06-22,6329,60211,81977,7
2021-06-23,6332,60253,81977,7
2020-04-11,57,1481,127634,8
2020-04-12,57,1502,127634,8
2020-04-13,57,1534,127634,8
2020-04-14,62,1561,127634,8
2020-04-15,62,1585,127634,8
2020-04-16,62,1625,127634,8
2020-04-17,62,1655,127634,8
2020-04-18,63,1700,127634,8
2020-04-19,63,1741,127634,8
2020-04-20,63,1785,127634,8
2020-04-21,69,1811,127634,8
2020-04-22,70,1870,127634,8
2020-04-23,70,1964,127634,8
2020-04-24,72,2039,127634,8
2020-04-25,72,2106,127634,8
2020-04-26,72,2159,127634,8
2020-04-27,73,2227,127634,8
2020-04-28,78,2303,127634,8
2020-04-29,80,2397,127634,8
2020-04-30,80,2456,127634,8
2020-05-01,80,2545,127634,8
2020-05-02,81,2590,127634,8
2020-05-03,82,2646,127634,8
2020-05-04,87,2731,127634,8
2020-05-05,87,2815,127634,8
2020-05-06,93,2894,127634,8
2020-05-07,93,2985,127634,8
2020-05-08,94,3057,127634,8
2020-05-09,94,3142,127634,8
2020-05-10,95,3224,127634,8
2020-05-11,96,3304,127634,8
2020-05-12,97,3391,127634,8
2020-05-13,97,3475,127634,8
2020-05-14,97,3585,127634,8
2020-05-15,98,3854,127634,8
2020-05-16,99,3974,127634,8
2020-05-17,100,4118,127634,8
2020-05-18,101,4183,127634,8
2020-05-19,101,4277,127634,8
2020-05-20,110,4434,127634,8
2020-05-21,111,4763,127634,8
2020-05-22,117,5066,127634,8
2020-05-23,122,5429,127634,8
2020-05-24,122,5512,127634,8
2020-05-25,124,5683,127634,8
2020-05-26,126,5932,127634,8
2020-05-27,135,6141,127634,8
2020-05-28,138,6372,127634,8
2020-05-29,141,6685,127634,8
2020-05-30,143,6862,127634,8
2020-05-31,146,7061,127634,8
2020-06-01,146,7107,127634,8
2020-06-02,147,7261,127634,8
2020-06-03,154,7530,127634,8
2020-06-04,158,7899,127634,8
2020-06-05,161,8191,127634,8
2020-06-06,162,8337,127634,8
2020-06-07,170,8432,127634,8
2020-06-08,175,8621,127634,8
2020-06-09,177,8992,127634,8
2020-06-10,178,9309,127634,8
2020-06-11,180,9425,127634,8
2020-06-12,184,9744,127634,8
2020-06-13,185,9979,127634,8
2020-06-14,189,10124,127634,8
2020-06-15,190,10218,127634,8
2020-06-16,192,10745,127634,8
2020-06-17,197,11000,127634,8
2020-06-18,199,11305,127634,8
2020-06-19,207,11625,127634,8
2020-06-20,213,11825,127634,8
2020-06-21,217,11871,127634,8
2020-06-22,228,12031,127634,8
2020-06-23,243,12484,127634,8
2020-06-24,264,12771,127634,8
2020-06-25,277,13188,127634,8
2020-06-26,301,13498,127634,8
2020-06-27,313,13680,127634,8
2020-06-28,324,13692,127634,8
2020-06-29,338,13737,127634,8
2020-06-30,376,14053,127634,8
2020-07-01,397,14305,127634,8
2020-07-02,415,15186,127634,8
2020-07-03,431,15718,127634,8
2020-07-04,457,15926,127634,8
2020-07-05,474,15947,127634,8
2020-07-06,500,16121,127634,8
2020-07-07,523,16674,127634,8
2020-07-08,540,17174,127634,8
2020-07-09,551,17985,127634,8
2020-07-10,577,18544,127634,8
2020-07-11,604,18814,127634,8
2020-07-12,632,18997,127634,8
2020-07-13,643,19111,127634,8
2020-07-14,671,19744,127634,8
2020-07-15,695,20225,127634,8
2020-07-16,704,20807,127634,8
2020-07-17,716,21327,127634,8
2020-07-18,727,21494,127634,8
2020-07-19,743,21694,127634,8
2020-07-20,755,21785,127634,8
2020-07-21,768,22169,127634,8
2020-07-22,784,22685,127634,8
2020-07-23,793,23097,127634,8
2020-07-24,803,23742,127634,8
2020-07-25,817,24222,127634,8
2020-07-26,822,24459,127634,8
2020-07-27,842,24570,127634,8
2020-07-28,849,25210,127634,8
2020-07-29,860,25751,127634,8
2020-07-30,872,26424,127634,8
2020-07-31,892,26833,127634,8
2020-08-01,896,27252,127634,8
2020-08-02,915,27612,127634,8
2020-08-03,921,27821,127634,8
2020-08-04,928,28402,127634,8
2020-08-05,954,29127,127634,8
2020-08-06,964,29698,127634,8
2020-08-07,987,30111,127634,8
2020-08-08,1002,30415,127634,8
2020-08-09,1008,30698,127634,8
2020-08-10,1015,31130,127634,8
2020-08-11,1023,31570,127634,8
2020-08-12,1031,31945,127634,8
2020-08-13,1036,32387,127634,8
2020-08-14,1053,32581,127634,8
2020-08-15,1057,32865,127634,8
2020-08-16,1068,32935,127634,8
2020-08-17,1072,33164,127634,8
2020-08-18,1077,33582,127634,8
2020-08-19,1082,34065,127634,8
2020-08-20,1087,34361,127634,8
2020-08-21,1097,34661,127634,8
2020-08-22,1106,34851,127634,8
2020-08-23,1111,35072,127634,8
2020-08-24,1116,35261,127634,8
2020-08-25,1123,35643,127634,8
2020-08-26,1131,35977,127634,8
2020-08-27,1140,36471,127634,8
2020-08-28,1144,36710,127634,8
2020-08-29,1159,37077,127634,8
2020-08-30,1165,37286,127634,8
2020-08-31,1165,37552,127634,8
2020-09-01,1190,37847,127634,8
2020-09-02,1203,38156,127634,8
2020-09-03,1219,38422,127634,8
2020-09-04,1248,38630,127634,8
2020-09-05,1265,38829,127634,8
2020-09-06,1298,39127,127634,8
2020-09-07,1315,39394,127634,8
2020-09-08,1338,39447,127634,8
2020-09-09,1346,39713,127634,8
2020-09-10,1421,39975,127634,8
2020-09-11,1472,40103,127634,8
2020-09-12,1503,40278,127634,8
2020-09-13,1537,40528,127634,8
2020-09-14,1568,40629,127634,8
2020-09-15,1585,40934,127634,8
2020-09-16,1607,41262,127634,8
2020-09-17,1668,42159,127634,8
2020-09-18,1723,42833,127634,8
2020-09-19,1763,43512,127634,8
2020-09-20,1802,43905,127634,8
2020-09-21,1821,44177,127634,8
2020-09-22,1845,44991,127634,8
2020-09-23,1873,45365,127634,8
2020-09-24,1915,45678,127634,8
2020-09-25,1935,46066,127634,8
2020-09-26,1971,46262,127634,8
2020-09-27,1993,46418,127634,8
2020-09-28,2019,46605,127634,8
2020-09-29,2045,46891,127634,8
2020-09-30,2058,47172,127634,8
2020-10-01,2091,47562,127634,8
2020-10-02,2110,47828,127634,8
2020-10-03,2128,48043,127634,8
2020-10-04,2154,48094,127634,8
2020-10-05,2170,48210,127634,8
2020-10-06,2212,48607,127634,8
2020-10-07,2224,48970,127634,8
2020-10-08,2256,49377,127634,8
2020-10-09,2291,49810,127634,8
2020-10-10,2331,50060,127634,8
2020-10-11,2371,50119,127634,8
2020-10-12,2398,50261,127634,8
2020-10-13,2419,50533,127634,8
2020-10-14,2454,50808,127634,8
2020-10-15,2494,51143,127634,8
2020-10-16,2532,51518,127634,8
2020-10-17,2532,51518,127634,8
2020-10-18,2564,53745,127634,8
2020-10-19,2564,54706,127634,8
2020-10-20,2629,54928,127634,8
2020-10-21,2684,55099,127634,8
2020-10-22,2714,55427,127634,8
2020-10-23,2760,55777,127634,8
2020-10-24,2809,56152,127634,8
2020-10-25,2872,56500,127634,8
2020-10-26,2911,56829,127634,8
2020-10-27,2981,57184,127634,8
2020-10-28,3075,57409,127634,8
2020-10-29,3115,57586,127634,8
2020-10-30,3207,57969,127634,8
2020-10-31,3294,58429,127634,8
2020-11-01,3337,58841,127634,8
2020-11-02,3383,59056,127634,8
2020-11-03,3522,59563,127634,8
2020-11-04,3573,59864,127634,8
2020-11-05,3660,60154,127634,8
2020-11-06,3774,60535,127634,8
2020-11-07,3873,60949,127634,8
2020-11-08,3923,61195,127634,8
2020-11-09,3984,61481,127634,8
2020-11-10,4118,61962,127634,8
2020-11-11,4214,62350,127634,8
2020-11-12,4380,62724,127634,8
2020-11-13,4464,63001,127634,8
2020-11-14,4539,63586,127634,8
2020-11-15,4624,63984,127634,8
2020-11-16,4747,64206,127634,8
2020-11-17,4883,64698,127634,8
2020-11-18,5002,65209,127634,8
2020-11-19,5108,65570,127634,8
2020-11-20,5226,66116,127634,8
2020-11-21,5288,66438,127634,8
2020-11-22,5337,66821,127634,8
2020-11-23,5372,67159,127634,8
2020-11-24,5545,67700,127634,8
2020-11-25,5611,67952,127634,8
2020-11-26,5698,68317,127634,8
2020-11-27,5710,68557,127634,8
2020-11-28,5798,68723,127634,8
2020-11-29,5872,69016,127634,8
2020-11-30,5948,69268,127634,8
2020-12-01,5974,69358,127634,8
2020-12-02,6029,69490,127634,8
2020-12-03,6105,69741,127634,8
2020-12-04,6167,70002,127634,8
2020-12-05,6214,70199,127634,8
2020-12-06,6241,70465,127634,8
2020-12-07,6290,70670,127634,8
2020-12-08,6315,70775,127634,8
2020-12-09,6363,70967,127634,8
2020-12-10,6410,71214,127634,8
2020-12-11,6450,71448,127634,8
2020-12-12,6495,71691,127634,8
2020-12-13,6548,72010,127634,8
2020-12-14,6584,72144,127634,8
2020-12-15,6593,72203,127634,8
2020-12-16,6630,72411,127634,8
2020-12-17,6675,72687,127634,8
2020-12-18,6722,72905,127634,8
2020-12-19,6765,73206,127634,8
2020-12-20,6788,73422,127634,8
2020-12-21,6828,73644,127634,8
2020-12-22,6835,73764,127634,8
2020-12-23,6860,73924,127634,8
2020-12-24,6898,74237,127634,8
2020-12-25,6927,74493,127634,8
2020-12-26,6927,74636,127634,8
2020-12-27,6962,74767,127634,8
2020-12-28,6997,74935,127634,8
2020-12-29,7009,75013,127634,8
2020-12-30,7030,75091,127634,8
2020-12-31,7080,75349,127634,8
2021-01-01,7133,75537,127634,8
2021-01-02,7133,75631,127634,8
2021-01-03,7191,75734,127634,8
2021-01-04,7230,75885,127634,8
2021-01-05,7264,76022,127634,8
2021-01-06,7314,76181,127634,8
2021-01-07,7403,76442,127634,8
2021-01-08,7468,76677,127634,8
2021-01-09,7500,76867,127634,8
2021-01-10,7541,77079,127634,8
2021-01-11,7569,77202,127634,8
2021-01-12,7586,77253,127634,8
2021-01-13,7608,77367,127634,8
2021-01-14,7637,77597,127634,8
2021-01-15,7662,77928,127634,8
2021-01-16,7698,78304,127634,8
2021-01-17,7718,78459,127634,8
2021-01-18,7737,78589,127634,8
2021-01-19,7751,78865,127634,8
2021-01-20,7765,79059,127634,8
2021-01-21,7796,79470,127634,8
2021-01-22,7834,79975,127634,8
2021-01-23,7863,80694,127634,8
2021-01-24,7893,81066,127634,8
2021-01-25,7911,81173,127634,8
2021-01-26,7931,81508,127634,8
2021-01-27,7957,81834,127634,8
2021-01-28,8009,82174,127634,8
2021-01-29,8040,82474,127634,8
2021-01-30,8085,82696,127634,8
2021-01-31,8102,82880,127634,8
2021-02-01,8116,82976,127634,8
2021-02-02,8126,83025,127634,8
2021-02-03,8139,83098,127634,8
2021-02-04,8179,83320,127634,8
2021-02-05,8208,83448,127634,8
2021-02-06,8219,83557,127634,8
2021-02-07,8231,83652,127634,8
2021-02-08,8253,83799,127634,8
2021-02-09,8262,83905,127634,8
2021-02-10,8278,84055,127634,8
2021-02-11,8308,84194,127634,8
2021-02-12,8335,84301,127634,8
2021-02-13,8356,84350,127634,8
2021-02-14,8371,84424,127634,8
2021-02-15,8381,84471,127634,8
2021-02-16,8394,84496,127634,8
2021-02-17,8417,84549,127634,8
2021-02-18,8449,84675,127634,8
2021-02-19,8481,84838,127634,8
2021-02-20,8500,84977,127634,8
2021-02-21,8525,85128,127634,8
2021-02-22,8541,85221,127634,8
2021-02-23,8554,85307,127634,8
2021-02-24,8590,85378,127634,8
2021-02-25,8608,85463,127634,8
2021-02-26,8631,85538,127634,8
2021-02-27,8669,85678,127634,8
2021-02-28,8695,85763,127634,8
2021-03-01,8711,85851,127634,8
2021-03-02,8721,85895,127634,8
2021-03-03,8744,85965,127634,8
2021-03-04,8767,86124,127634,8
2021-03-05,8775,86210,127634,8
2021-03-06,8789,86322,127634,8
2021-03-07,8801,86453,127634,8
2021-03-08,8806,86508,127634,8
2021-03-09,8811,86570,127634,8
2021-03-10,8829,86706,127634,8
2021-03-11,8845,86840,127634,8
2021-03-12,8854,86924,127634,8
2021-03-13,8862,87015,127634,8
2021-03-14,8875,87103,127634,8
2021-03-15,8880,87166,127634,8
2021-03-16,8886,87244,127634,8
2021-03-17,8894,87302,127634,8
2021-03-18,8914,87399,127634,8
2021-03-19,8917,87471,127634,8
2021-03-20,8922,87506,127634,8
2021-03-21,8933,87640,127634,8
2021-03-22,8939,87736,127634,8
2021-03-23,8945,87751,127634,8
2021-03-24,8964,87893,127634,8
2021-03-25,8975,88005,127634,8
2021-03-26,8990,88074,127634,8
2021-03-27,9008,88128,127634,8
2021-03-28,9013,88219,127634,8
2021-03-29,9020,88305,127634,8
2021-03-30,9027,88335,127634,8
2021-03-31,9037,88445,127634,8
2021-04-01,9053,88574,127634,8
2021-04-02,9069,88657,127634,8
2021-04-03,9084,88784,127634,8
2021-04-04,9101,88894,127634,8
2021-04-05,9112,89010,127634,8
2021-04-06,9127,89095,127634,8
2021-04-07,9144,89238,127634,8
2021-04-08,9166,89403,127634,8
2021-04-09,9188,89524,127634,8
2021-04-10,9209,89654,127634,8
2021-04-11,9232,89794,127634,8
2021-04-12,9244,89903,127634,8
2021-04-13,9255,89969,127634,8
2021-04-14,9280,90091,127634,8
2021-04-15,9297,90221,127634,8
2021-04-16,9313,90339,127634,8
2021-04-17,9322,90455,127634,8
2021-04-18,9337,90579,127634,8
2021-04-19,9348,90662,127634,8
2021-04-20,9358,90730,127634,8
2021-04-21,9372,90845,127634,8
2021-04-22,9399,91012,127634,8
2021-04-23,9415,91144,127634,8
2021-04-24,9435,91302,127634,8
2021-04-25,9445,91399,127634,8
2021-04-26,9450,91476,127634,8
2021-04-27,9459,91538,127634,8
2021-04-28,9471,91650,127634,8
2021-04-29,9489,91836,127634,8
2021-04-30,9504,92020,127634,8
2021-05-01,9510,92153,127634,8
2021-05-02,9523,92290,127634,8
2021-05-03,9529,92369,127634,8
2021-05-04,9535,92454,127634,8
2021-05-05,9546,92565,127634,8
2021-05-06,9560,92718,127634,8
2021-05-07,9565,92819,127634,8
2021-05-08,9568,92925,127634,8
2021-05-09,9573,93038,127634,8
2021-05-10,9578,93114,127634,8
2021-05-11,9579,93189,127634,8
2021-05-12,9586,93313,127634,8
2021-05-13,9590,93423,127634,8
2021-05-14,9601,93553,127634,8
2021-05-15,9611,93692,127634,8
2021-05-16,9614,93804,127634,8
2021-05-17,9615,93855,127634,8
2021-05-18,9620,93944,127634,8
2021-05-19,9630,94063,127634,8
2021-05-20,9635,94191,127634,8
2021-05-21,9640,94279,127634,8
2021-05-22,9646,94412,127634,8
2021-05-23,9650,94507,127634,8
2021-05-24,9652,94581,127634,8
2021-05-25,9653,94634,127634,8
2021-05-26,9656,94728,127634,8
2021-05-27,9660,94828,127634,8
2021-05-28,9663,94913,127634,8
2021-05-29,9666,94981,127634,8
2021-05-30,9670,95057,127634,8
2021-05-31,9670,95113,127634,8
2021-06-01,9670,95148,127634,8
2021-06-02,9673,95179,127634,8
2021-06-03,9675,95185,127634,8
2021-06-04,9675,95247,127634,8
2021-06-05,9675,95317,127634,8
2021-06-06,9677,95399,127634,8
2021-06-07,9682,95468,127634,8
2021-06-08,9685,95511,127634,8
2021-06-09,9688,95577,127634,8
2021-06-10,9689,95635,127634,8
2021-06-11,9692,95676,127634,8
2021-06-12,9695,95732,127634,8
2021-06-13,9695,95809,127634,8
2021-06-14,9697,95848,127634,8
2021-06-15,9700,95859,127634,8
2021-06-16,9700,95862,127634,8
2021-06-17,9702,95999,127634,8
2021-06-18,9703,96049,127634,8
2021-06-19,9704,96110,127634,8
2021-06-20,9707,96205,127634,8
2021-06-21,9707,96242,127634,8
2021-06-22,9709,96309,127634,8
2021-06-23,9710,96395,127634,8
2020-04-11,49,1505,130799,11
2020-04-12,49,1536,130799,11
2020-04-13,49,1568,130799,11
2020-04-14,54,1605,130799,11
2020-04-15,54,1636,130799,11
2020-04-16,54,1685,130799,11
2020-04-17,54,1723,130799,11
2020-04-18,54,1769,130799,11
2020-04-19,54,1823,130799,11
2020-04-20,60,1882,130799,11
2020-04-21,66,1920,130799,11
2020-04-22,68,1977,130799,11
2020-04-23,68,2079,130799,11
2020-04-24,69,2170,130799,11
2020-04-25,70,2250,130799,11
2020-04-26,75,2323,130799,11
2020-04-27,76,2390,130799,11
2020-04-28,81,2467,130799,11
2020-04-29,82,2574,130799,11
2020-04-30,87,2652,130799,11
2020-05-01,87,2751,130799,11
2020-05-02,88,2807,130799,11
2020-05-03,90,2881,130799,11
2020-05-04,91,2953,130799,11
2020-05-05,92,3063,130799,11
2020-05-06,93,3140,130799,11
2020-05-07,94,3285,130799,11
2020-05-08,95,3357,130799,11
2020-05-09,98,3446,130799,11
2020-05-10,99,3536,130799,11
2020-05-11,100,3617,130799,11
2020-05-12,101,3722,130799,11
2020-05-13,102,3805,130799,11
2020-05-14,102,3930,130799,11
2020-05-15,104,4245,130799,11
2020-05-16,106,4387,130799,11
2020-05-17,115,4530,130799,11
2020-05-18,116,4609,130799,11
2020-05-19,117,4704,130799,11
2020-05-20,127,4891,130799,11
2020-05-21,128,5254,130799,11
2020-05-22,134,5564,130799,11
2020-05-23,135,5965,130799,11
2020-05-24,135,6066,130799,11
2020-05-25,136,6277,130799,11
2020-05-26,145,6775,130799,11
2020-05-27,154,7077,130799,11
2020-05-28,158,7414,130799,11
2020-05-29,169,7774,130799,11
2020-05-30,176,7963,130799,11
2020-05-31,179,8191,130799,11
2020-06-01,180,8252,130799,11
2020-06-02,181,8404,130799,11
2020-06-03,189,8664,130799,11
2020-06-04,192,9077,130799,11
2020-06-05,193,9406,130799,11
2020-06-06,195,9566,130799,11
2020-06-07,203,9660,130799,11
2020-06-08,207,9847,130799,11
2020-06-09,210,10204,130799,11
2020-06-10,214,10486,130799,11
2020-06-11,223,10627,130799,11
2020-06-12,231,10936,130799,11
2020-06-13,234,11158,130799,11
2020-06-14,239,11299,130799,11
2020-06-15,244,11387,130799,11
2020-06-16,248,11854,130799,11
2020-06-17,254,12129,130799,11
2020-06-18,259,12419,130799,11
2020-06-19,266,12698,130799,11
2020-06-20,273,12903,130799,11
2020-06-21,283,12975,130799,11
2020-06-22,294,13134,130799,11
2020-06-23,304,13577,130799,11
2020-06-24,322,13882,130799,11
2020-06-25,332,14295,130799,11
2020-06-26,353,14610,130799,11
2020-06-27,372,14788,130799,11
2020-06-28,395,14811,130799,11
2020-06-29,412,14860,130799,11
2020-06-30,450,15197,130799,11
2020-07-01,472,15487,130799,11
2020-07-02,490,16246,130799,11
2020-07-03,510,16737,130799,11
2020-07-04,530,16920,130799,11
2020-07-05,549,16940,130799,11
2020-07-06,578,17115,130799,11
2020-07-07,590,17670,130799,11
2020-07-08,605,18189,130799,11
2020-07-09,622,19023,130799,11
2020-07-10,635,19579,130799,11
2020-07-11,660,19840,130799,11
2020-07-12,688,20030,130799,11
2020-07-13,710,20129,130799,11
2020-07-14,743,20767,130799,11
2020-07-15,774,21265,130799,11
2020-07-16,791,21877,130799,11
2020-07-17,807,22437,130799,11
2020-07-18,820,22573,130799,11
2020-07-19,834,22741,130799,11
2020-07-20,851,22838,130799,11
2020-07-21,862,23244,130799,11
2020-07-22,877,23758,130799,11
2020-07-23,888,24212,130799,11
2020-07-24,899,24869,130799,11
2020-07-25,911,25339,130799,11
2020-07-26,918,25582,130799,11
2020-07-27,939,25704,130799,11
2020-07-28,953,26391,130799,11
2020-07-29,964,27003,130799,11
2020-07-30,978,27692,130799,11
2020-07-31,1003,28124,130799,11
2020-08-01,1014,28561,130799,11
2020-08-02,1044,28924,130799,11
2020-08-03,1052,29116,130799,11
2020-08-04,1059,29853,130799,11
2020-08-05,1092,30600,130799,11
2020-08-06,1104,31123,130799,11
2020-08-07,1125,31521,130799,11
2020-08-08,1141,31789,130799,11
2020-08-09,1146,32086,130799,11
2020-08-10,1146,32530,130799,11
2020-08-11,1153,32981,130799,11
2020-08-12,1167,33358,130799,11
2020-08-13,1175,33763,130799,11
2020-08-14,1200,33933,130799,11
2020-08-15,1213,34210,130799,11
2020-08-16,1223,34291,130799,11
2020-08-17,1227,34507,130799,11
2020-08-18,1229,34906,130799,11
2020-08-19,1234,35299,130799,11
2020-08-20,1236,35544,130799,11
2020-08-21,1249,35769,130799,11
2020-08-22,1268,35894,130799,11
2020-08-23,1275,36041,130799,11
2020-08-24,1280,36203,130799,11
2020-08-25,1291,36525,130799,11
2020-08-26,1297,36792,130799,11
2020-08-27,1313,37201,130799,11
2020-08-28,1321,37390,130799,11
2020-08-29,1333,37692,130799,11
2020-08-30,1336,37831,130799,11
2020-08-31,1336,38018,130799,11
2020-09-01,1353,38186,130799,11
2020-09-02,1360,38456,130799,11
2020-09-03,1371,38639,130799,11
2020-09-04,1388,38761,130799,11
2020-09-05,1398,38896,130799,11
2020-09-06,1408,39037,130799,11
2020-09-07,1417,39236,130799,11
2020-09-08,1424,39264,130799,11
2020-09-09,1428,39394,130799,11
2020-09-10,1451,39560,130799,11
2020-09-11,1468,39616,130799,11
2020-09-12,1482,39757,130799,11
2020-09-13,1506,39896,130799,11
2020-09-14,1519,39940,130799,11
2020-09-15,1524,40240,130799,11
2020-09-16,1537,40506,130799,11
2020-09-17,1552,41061,130799,11
2020-09-18,1579,41535,130799,11
2020-09-19,1606,41980,130799,11
2020-09-20,1629,42258,130799,11
2020-09-21,1636,42538,130799,11
2020-09-22,1654,43191,130799,11
2020-09-23,1675,43501,130799,11
2020-09-24,1707,43790,130799,11
2020-09-25,1735,44188,130799,11
2020-09-26,1765,44371,130799,11
2020-09-27,1799,44553,130799,11
2020-09-28,1827,44734,130799,11
2020-09-29,1854,45010,130799,11
2020-09-30,1883,45271,130799,11
2020-10-01,1909,45592,130799,11
2020-10-02,1930,45838,130799,11
2020-10-03,1948,46046,130799,11
2020-10-04,1977,46094,130799,11
2020-10-05,1995,46235,130799,11
2020-10-06,2044,46619,130799,11
2020-10-07,2065,46953,130799,11
2020-10-08,2099,47432,130799,11
2020-10-09,2142,47866,130799,11
2020-10-10,2176,48134,130799,11
2020-10-11,2223,48196,130799,11
2020-10-12,2256,48368,130799,11
2020-10-13,2280,48616,130799,11
2020-10-14,2302,48889,130799,11
2020-10-15,2342,49262,130799,11
2020-10-16,2380,49722,130799,11
2020-10-17,2380,49722,130799,11
2020-10-18,2416,51918,130799,11
2020-10-19,2417,52935,130799,11
2020-10-20,2500,53226,130799,11
2020-10-21,2556,53376,130799,11
2020-10-22,2587,53728,130799,11
2020-10-23,2630,54085,130799,11
2020-10-24,2678,54473,130799,11
2020-10-25,2743,54810,130799,11
2020-10-26,2780,55144,130799,11
2020-10-27,2858,55534,130799,11
2020-10-28,2958,55752,130799,11
2020-10-29,3013,55971,130799,11
2020-10-30,3115,56427,130799,11
2020-10-31,3206,56913,130799,11
2020-11-01,3253,57386,130799,11
2020-11-02,3310,57664,130799,11
2020-11-03,3472,58232,130799,11
2020-11-04,3525,58539,130799,11
2020-11-05,3601,58850,130799,11
2020-11-06,3722,59256,130799,11
2020-11-07,3868,59774,130799,11
2020-11-08,3933,60049,130799,11
2020-11-09,4006,60371,130799,11
2020-11-10,4218,61019,130799,11
2020-11-11,4359,61508,130799,11
2020-11-12,4517,61889,130799,11
2020-11-13,4624,62211,130799,11
2020-11-14,4694,62862,130799,11
2020-11-15,4809,63361,130799,11
2020-11-16,4971,63644,130799,11
2020-11-17,5166,64279,130799,11
2020-11-18,5301,64820,130799,11
2020-11-19,5380,65156,130799,11
2020-11-20,5537,65804,130799,11
2020-11-21,5610,66180,130799,11
2020-11-22,5664,66630,130799,11
2020-11-23,5684,67028,130799,11
2020-11-24,5919,67637,130799,11
2020-11-25,5990,68014,130799,11
2020-11-26,6099,68429,130799,11
2020-11-27,6111,68717,130799,11
2020-11-28,6244,68954,130799,11
2020-11-29,6358,69326,130799,11
2020-11-30,6436,69629,130799,11
2020-12-01,6471,69726,130799,11
2020-12-02,6528,69874,130799,11
2020-12-03,6638,70249,130799,11
2020-12-04,6718,70564,130799,11
2020-12-05,6783,70834,130799,11
2020-12-06,6816,71143,130799,11
2020-12-07,6878,71430,130799,11
2020-12-08,6918,71558,130799,11
2020-12-09,6969,71750,130799,11
2020-12-10,7051,72108,130799,11
2020-12-11,7117,72392,130799,11
2020-12-12,7194,72778,130799,11
2020-12-13,7263,73229,130799,11
2020-12-14,7325,73445,130799,11
2020-12-15,7345,73536,130799,11
2020-12-16,7385,73739,130799,11
2020-12-17,7476,74092,130799,11
2020-12-18,7544,74337,130799,11
2020-12-19,7593,74677,130799,11
2020-12-20,7624,74894,130799,11
2020-12-21,7660,75190,130799,11
2020-12-22,7684,75312,130799,11
2020-12-23,7723,75490,130799,11
2020-12-24,7779,75841,130799,11
2020-12-25,7822,76200,130799,11
2020-12-26,7822,76367,130799,11
2020-12-27,7865,76485,130799,11
2020-12-28,7899,76672,130799,11
2020-12-29,7921,76774,130799,11
2020-12-30,7953,76861,130799,11
2020-12-31,8022,77124,130799,11
2021-01-01,8081,77395,130799,11
2021-01-02,8081,77513,130799,11
2021-01-03,8145,77624,130799,11
2021-01-04,8201,77808,130799,11
2021-01-05,8256,77965,130799,11
2021-01-06,8311,78123,130799,11
2021-01-07,8423,78458,130799,11
2021-01-08,8496,78736,130799,11
2021-01-09,8551,78991,130799,11
2021-01-10,8604,79209,130799,11
2021-01-11,8639,79371,130799,11
2021-01-12,8665,79459,130799,11
2021-01-13,8699,79540,130799,11
2021-01-14,8766,79825,130799,11
2021-01-15,8800,80086,130799,11
2021-01-16,8847,80371,130799,11
2021-01-17,8879,80538,130799,11
2021-01-18,8899,80710,130799,11
2021-01-19,8908,80830,130799,11
2021-01-20,8922,80931,130799,11
2021-01-21,8976,81202,130799,11
2021-01-22,9031,81561,130799,11
2021-01-23,9071,81946,130799,11
2021-01-24,9102,82188,130799,11
2021-01-25,9122,82320,130799,11
2021-01-26,9145,82474,130799,11
2021-01-27,9169,82621,130799,11
2021-01-28,9240,82883,130799,11
2021-01-29,9268,83074,130799,11
2021-01-30,9297,83257,130799,11
2021-01-31,9321,83417,130799,11
2021-02-01,9330,83491,130799,11
2021-02-02,9337,83516,130799,11
2021-02-03,9346,83581,130799,11
2021-02-04,9384,83772,130799,11
2021-02-05,9406,83880,130799,11
2021-02-06,9422,83963,130799,11
2021-02-07,9435,84087,130799,11
2021-02-08,9461,84215,130799,11
2021-02-09,9469,84286,130799,11
2021-02-10,9478,84349,130799,11
2021-02-11,9496,84495,130799,11
2021-02-12,9513,84591,130799,11
2021-02-13,9530,84630,130799,11
2021-02-14,9541,84677,130799,11
2021-02-15,9547,84734,130799,11
2021-02-16,9552,84762,130799,11
2021-02-17,9560,84834,130799,11
2021-02-18,9570,84918,130799,11
2021-02-19,9584,85038,130799,11
2021-02-20,9604,85162,130799,11
2021-02-21,9616,85294,130799,11
2021-02-22,9621,85378,130799,11
2021-02-23,9626,85464,130799,11
2021-02-24,9644,85542,130799,11
2021-02-25,9654,85636,130799,11
2021-02-26,9667,85698,130799,11
2021-02-27,9696,85845,130799,11
2021-02-28,9708,85940,130799,11
2021-03-01,9719,86014,130799,11
2021-03-02,9726,86052,130799,11
2021-03-03,9738,86113,130799,11
2021-03-04,9768,86300,130799,11
2021-03-05,9785,86407,130799,11
2021-03-06,9805,86525,130799,11
2021-03-07,9821,86659,130799,11
2021-03-08,9827,86726,130799,11
2021-03-09,9831,86798,130799,11
2021-03-10,9838,86909,130799,11
2021-03-11,9853,87044,130799,11
2021-03-12,9865,87139,130799,11
2021-03-13,9875,87244,130799,11
2021-03-14,9881,87345,130799,11
2021-03-15,9883,87404,130799,11
2021-03-16,9895,87485,130799,11
2021-03-17,9902,87538,130799,11
2021-03-18,9926,87677,130799,11
2021-03-19,9934,87769,130799,11
2021-03-20,9939,87802,130799,11
2021-03-21,9950,87986,130799,11
2021-03-22,9959,88080,130799,11
2021-03-23,9971,88106,130799,11
2021-03-24,9991,88263,130799,11
2021-03-25,10008,88395,130799,11
2021-03-26,10023,88477,130799,11
2021-03-27,10037,88559,130799,11
2021-03-28,10049,88684,130799,11
2021-03-29,10063,88790,130799,11
2021-03-30,10070,88824,130799,11
2021-03-31,10079,88955,130799,11
2021-04-01,10100,89074,130799,11
2021-04-02,10120,89179,130799,11
2021-04-03,10138,89313,130799,11
2021-04-04,10155,89429,130799,11
2021-04-05,10173,89542,130799,11
2021-04-06,10180,89614,130799,11
2021-04-07,10189,89763,130799,11
2021-04-08,10230,89971,130799,11
2021-04-09,10254,90100,130799,11
2021-04-10,10284,90259,130799,11
2021-04-11,10313,90415,130799,11
2021-04-12,10333,90530,130799,11
2021-04-13,10347,90600,130799,11
2021-04-14,10373,90758,130799,11
2021-04-15,10388,90905,130799,11
2021-04-16,10401,91026,130799,11
2021-04-17,10414,91169,130799,11
2021-04-18,10439,91311,130799,11
2021-04-19,10451,91412,130799,11
2021-04-20,10462,91468,130799,11
2021-04-21,10480,91612,130799,11
2021-04-22,10509,91769,130799,11
2021-04-23,10535,91929,130799,11
2021-04-24,10557,92109,130799,11
2021-04-25,10578,92252,130799,11
2021-04-26,10587,92347,130799,11
2021-04-27,10596,92428,130799,11
2021-04-28,10609,92528,130799,11
2021-04-29,10631,92731,130799,11
2021-04-30,10652,92966,130799,11
2021-05-01,10658,93111,130799,11
2021-05-02,10672,93267,130799,11
2021-05-03,10676,93348,130799,11
2021-05-04,10682,93434,130799,11
2021-05-05,10696,93542,130799,11
2021-05-06,10711,93716,130799,11
2021-05-07,10723,93843,130799,11
2021-05-08,10729,93994,130799,11
2021-05-09,10738,94112,130799,11
2021-05-10,10744,94202,130799,11
2021-05-11,10745,94286,130799,11
2021-05-12,10753,94421,130799,11
2021-05-13,10756,94553,130799,11
2021-05-14,10765,94724,130799,11
2021-05-15,10775,94871,130799,11
2021-05-16,10780,94995,130799,11
2021-05-17,10781,95048,130799,11
2021-05-18,10788,95133,130799,11
2021-05-19,10795,95256,130799,11
2021-05-20,10812,95392,130799,11
2021-05-21,10820,95518,130799,11
2021-05-22,10828,95653,130799,11
2021-05-23,10836,95764,130799,11
2021-05-24,10842,95851,130799,11
2021-05-25,10842,95901,130799,11
2021-05-26,10847,96005,130799,11
2021-05-27,10854,96120,130799,11
2021-05-28,10858,96202,130799,11
2021-05-29,10861,96287,130799,11
2021-05-30,10865,96358,130799,11
2021-05-31,10865,96420,130799,11
2021-06-01,10866,96451,130799,11
2021-06-02,10868,96477,130799,11
2021-06-03,10873,96485,130799,11
2021-06-04,10881,96562,130799,11
2021-06-05,10884,96663,130799,11
2021-06-06,10888,96764,130799,11
2021-06-07,10890,96830,130799,11
2021-06-08,10893,96867,130799,11
2021-06-09,10898,96957,130799,11
2021-06-10,10901,97056,130799,11
2021-06-11,10907,97117,130799,11
2021-06-12,10913,97198,130799,11
2021-06-13,10913,97286,130799,11
2021-06-14,10916,97340,130799,11
2021-06-15,10919,97345,130799,11
2021-06-16,10919,97348,130799,11
2021-06-17,10923,97493,130799,11
2021-06-18,10928,97537,130799,11
2021-06-19,10928,97592,130799,11
2021-06-20,10929,97686,130799,11
2021-06-21,10929,97725,130799,11
2021-06-22,10932,97790,130799,11
2021-06-23,10935,97891,130799,11
2020-04-11,79,1836,151470,18
2020-04-12,81,1900,151470,18
2020-04-13,88,1942,151470,18
2020-04-14,88,1978,151470,18
2020-04-15,89,2022,151470,18
2020-04-16,89,2093,151470,18
2020-04-17,90,2161,151470,18
2020-04-18,92,2228,151470,18
2020-04-19,92,2300,151470,18
2020-04-20,93,2341,151470,18
2020-04-21,93,2368,151470,18
2020-04-22,93,2436,151470,18
2020-04-23,98,2550,151470,18
2020-04-24,100,2685,151470,18
2020-04-25,103,2777,151470,18
2020-04-26,103,2855,151470,18
2020-04-27,104,2943,151470,18
2020-04-28,104,3037,151470,18
2020-04-29,107,3163,151470,18
2020-04-30,107,3233,151470,18
2020-05-01,108,3362,151470,18
2020-05-02,108,3435,151470,18
2020-05-03,108,3528,151470,18
2020-05-04,108,3628,151470,18
2020-05-05,108,3732,151470,18
2020-05-06,109,3839,151470,18
2020-05-07,109,3974,151470,18
2020-05-08,109,4085,151470,18
2020-05-09,110,4184,151470,18
2020-05-10,116,4293,151470,18
2020-05-11,117,4381,151470,18
2020-05-12,118,4511,151470,18
2020-05-13,120,4632,151470,18
2020-05-14,127,4785,151470,18
2020-05-15,133,5137,151470,18
2020-05-16,140,5299,151470,18
2020-05-17,144,5478,151470,18
2020-05-18,144,5546,151470,18
2020-05-19,145,5650,151470,18
2020-05-20,149,5851,151470,18
2020-05-21,157,6299,151470,18
2020-05-22,161,6712,151470,18
2020-05-23,164,7120,151470,18
2020-05-24,164,7235,151470,18
2020-05-25,168,7450,151470,18
2020-05-26,173,7713,151470,18
2020-05-27,190,7954,151470,18
2020-05-28,201,8187,151470,18
2020-05-29,212,8498,151470,18
2020-05-30,218,8677,151470,18
2020-05-31,225,8881,151470,18
2020-06-01,225,8931,151470,18
2020-06-02,236,9155,151470,18
2020-06-03,242,9499,151470,18
2020-06-04,245,9947,151470,18
2020-06-05,247,10309,151470,18
2020-06-06,252,10686,151470,18
2020-06-07,266,10895,151470,18
2020-06-08,270,11137,151470,18
2020-06-09,274,11604,151470,18
2020-06-10,281,12041,151470,18
2020-06-11,285,12188,151470,18
2020-06-12,296,12781,151470,18
2020-06-13,303,13125,151470,18
2020-06-14,313,13293,151470,18
2020-06-15,317,13394,151470,18
2020-06-16,322,13934,151470,18
2020-06-17,330,14203,151470,18
2020-06-18,337,14455,151470,18
2020-06-19,343,14754,151470,18
2020-06-20,354,14984,151470,18
2020-06-21,369,15059,151470,18
2020-06-22,379,15253,151470,18
2020-06-23,398,15775,151470,18
2020-06-24,417,16069,151470,18
2020-06-25,439,16491,151470,18
2020-06-26,466,16787,151470,18
2020-06-27,493,17006,151470,18
2020-06-28,511,17025,151470,18
2020-06-29,526,17072,151470,18
2020-06-30,556,17477,151470,18
2020-07-01,569,17790,151470,18
2020-07-02,599,18693,151470,18
2020-07-03,628,19212,151470,18
2020-07-04,672,19455,151470,18
2020-07-05,692,19479,151470,18
2020-07-06,710,19606,151470,18
2020-07-07,722,20285,151470,18
2020-07-08,742,20847,151470,18
2020-07-09,756,21616,151470,18
2020-07-10,784,22261,151470,18
2020-07-11,815,22582,151470,18
2020-07-12,841,22709,151470,18
2020-07-13,851,22802,151470,18
2020-07-14,878,23421,151470,18
2020-07-15,901,23867,151470,18
2020-07-16,925,24492,151470,18
2020-07-17,949,25122,151470,18
2020-07-18,969,25363,151470,18
2020-07-19,985,25590,151470,18
2020-07-20,1003,25735,151470,18
2020-07-21,1013,26202,151470,18
2020-07-22,1033,26935,151470,18
2020-07-23,1042,27480,151470,18
2020-07-24,1061,28333,151470,18
2020-07-25,1079,28882,151470,18
2020-07-26,1096,29134,151470,18
2020-07-27,1100,29334,151470,18
2020-07-28,1115,30101,151470,18
2020-07-29,1128,30795,151470,18
2020-07-30,1139,31603,151470,18
2020-07-31,1155,32083,151470,18
2020-08-01,1161,32581,151470,18
2020-08-02,1185,32976,151470,18
2020-08-03,1195,33229,151470,18
2020-08-04,1201,33966,151470,18
2020-08-05,1215,34797,151470,18
2020-08-06,1225,35388,151470,18
2020-08-07,1241,35819,151470,18
2020-08-08,1249,36138,151470,18
2020-08-09,1267,36455,151470,18
2020-08-10,1271,36956,151470,18
2020-08-11,1279,37409,151470,18
2020-08-12,1299,37823,151470,18
2020-08-13,1309,38279,151470,18
2020-08-14,1326,38453,151470,18
2020-08-15,1333,38728,151470,18
2020-08-16,1356,38807,151470,18
2020-08-17,1365,39042,151470,18
2020-08-18,1369,39423,151470,18
2020-08-19,1381,39896,151470,18
2020-08-20,1395,40211,151470,18
2020-08-21,1403,40441,151470,18
2020-08-22,1419,40602,151470,18
2020-08-23,1430,40802,151470,18
2020-08-24,1437,40980,151470,18
2020-08-25,1453,41407,151470,18
2020-08-26,1467,41739,151470,18
2020-08-27,1492,42127,151470,18
2020-08-28,1510,42335,151470,18
2020-08-29,1522,42660,151470,18
2020-08-30,1531,42799,151470,18
2020-08-31,1533,42983,151470,18
2020-09-01,1552,43155,151470,18
2020-09-02,1556,43406,151470,18
2020-09-03,1565,43563,151470,18
2020-09-04,1586,43712,151470,18
2020-09-05,1602,43870,151470,18
2020-09-06,1617,44047,151470,18
2020-09-07,1623,44238,151470,18
2020-09-08,1635,44284,151470,18
2020-09-09,1643,44447,151470,18
2020-09-10,1674,44630,151470,18
2020-09-11,1690,44711,151470,18
2020-09-12,1700,44873,151470,18
2020-09-13,1722,45073,151470,18
2020-09-14,1738,45114,151470,18
2020-09-15,1745,45392,151470,18
2020-09-16,1769,45638,151470,18
2020-09-17,1807,46280,151470,18
2020-09-18,1844,46763,151470,18
2020-09-19,1871,47270,151470,18
2020-09-20,1900,47575,151470,18
2020-09-21,1909,47877,151470,18
2020-09-22,1924,48581,151470,18
2020-09-23,1942,48895,151470,18
2020-09-24,1972,49219,151470,18
2020-09-25,2002,49648,151470,18
2020-09-26,2035,49863,151470,18
2020-09-27,2064,50078,151470,18
2020-09-28,2100,50263,151470,18
2020-09-29,2133,50547,151470,18
2020-09-30,2165,50833,151470,18
2020-10-01,2222,51199,151470,18
2020-10-02,2249,51442,151470,18
2020-10-03,2291,51691,151470,18
2020-10-04,2319,51747,151470,18
2020-10-05,2348,51905,151470,18
2020-10-06,2388,52349,151470,18
2020-10-07,2410,52702,151470,18
2020-10-08,2444,53172,151470,18
2020-10-09,2508,53622,151470,18
2020-10-10,2565,53886,151470,18
2020-10-11,2618,53961,151470,18
2020-10-12,2664,54193,151470,18
2020-10-13,2705,54509,151470,18
2020-10-14,2754,54860,151470,18
2020-10-15,2822,55263,151470,18
2020-10-16,2899,55794,151470,18
2020-10-17,2899,55794,151470,18
2020-10-18,2978,58540,151470,18
2020-10-19,2978,59896,151470,18
2020-10-20,3076,60199,151470,18
2020-10-21,3200,60443,151470,18
2020-10-22,3279,60947,151470,18
2020-10-23,3382,61448,151470,18
2020-10-24,3490,62016,151470,18
2020-10-25,3593,62513,151470,18
2020-10-26,3656,62994,151470,18
2020-10-27,3764,63542,151470,18
2020-10-28,3897,63802,151470,18
2020-10-29,3947,64100,151470,18
2020-10-30,4088,64607,151470,18
2020-10-31,4187,65137,151470,18
2020-11-01,4243,65672,151470,18
2020-11-02,4307,65956,151470,18
2020-11-03,4493,66607,151470,18
2020-11-04,4542,67004,151470,18
2020-11-05,4656,67388,151470,18
2020-11-06,4804,67859,151470,18
2020-11-07,4935,68416,151470,18
2020-11-08,4990,68680,151470,18
2020-11-09,5082,69039,151470,18
2020-11-10,5309,69678,151470,18
2020-11-11,5426,70154,151470,18
2020-11-12,5613,70641,151470,18
2020-11-13,5719,71000,151470,18
2020-11-14,5788,71686,151470,18
2020-11-15,5931,72283,151470,18
2020-11-16,6085,72575,151470,18
2020-11-17,6304,73291,151470,18
2020-11-18,6490,73989,151470,18
2020-11-19,6603,74394,151470,18
2020-11-20,6750,75106,151470,18
2020-11-21,6864,75562,151470,18
2020-11-22,6931,76083,151470,18
2020-11-23,6952,76469,151470,18
2020-11-24,7232,77143,151470,18
2020-11-25,7301,77479,151470,18
2020-11-26,7419,77903,151470,18
2020-11-27,7439,78212,151470,18
2020-11-28,7573,78448,151470,18
2020-11-29,7688,78797,151470,18
2020-11-30,7770,79111,151470,18
2020-12-01,7813,79218,151470,18
2020-12-02,7889,79409,151470,18
2020-12-03,8019,79836,151470,18
2020-12-04,8145,80290,151470,18
2020-12-05,8234,80609,151470,18
2020-12-06,8278,80915,151470,18
2020-12-07,8368,81228,151470,18
2020-12-08,8423,81404,151470,18
2020-12-09,8474,81622,151470,18
2020-12-10,8555,82013,151470,18
2020-12-11,8610,82280,151470,18
2020-12-12,8673,82556,151470,18
2020-12-13,8737,82898,151470,18
2020-12-14,8791,83081,151470,18
2020-12-15,8808,83161,151470,18
2020-12-16,8835,83356,151470,18
2020-12-17,8901,83709,151470,18
2020-12-18,8961,83964,151470,18
2020-12-19,9033,84339,151470,18
2020-12-20,9070,84567,151470,18
2020-12-21,9105,84816,151470,18
2020-12-22,9132,84932,151470,18
2020-12-23,9179,85087,151470,18
2020-12-24,9253,85454,151470,18
2020-12-25,9315,85793,151470,18
2020-12-26,9315,85935,151470,18
2020-12-27,9379,86089,151470,18
2020-12-28,9426,86342,151470,18
2020-12-29,9456,86453,151470,18
2020-12-30,9506,86559,151470,18
2020-12-31,9586,86827,151470,18
2021-01-01,9663,87088,151470,18
2021-01-02,9663,87231,151470,18
2021-01-03,9777,87422,151470,18
2021-01-04,9852,87673,151470,18
2021-01-05,9881,87819,151470,18
2021-01-06,9937,87968,151470,18
2021-01-07,10045,88278,151470,18
2021-01-08,10152,88582,151470,18
2021-01-09,10219,88886,151470,18
2021-01-10,10291,89162,151470,18
2021-01-11,10329,89379,151470,18
2021-01-12,10373,89489,151470,18
2021-01-13,10416,89624,151470,18
2021-01-14,10491,89901,151470,18
2021-01-15,10551,90171,151470,18
2021-01-16,10609,90474,151470,18
2021-01-17,10655,90688,151470,18
2021-01-18,10682,90866,151470,18
2021-01-19,10697,91002,151470,18
2021-01-20,10708,91098,151470,18
2021-01-21,10754,91382,151470,18
2021-01-22,10809,91713,151470,18
2021-01-23,10852,92074,151470,18
2021-01-24,10889,92311,151470,18
2021-01-25,10929,92476,151470,18
2021-01-26,10955,92623,151470,18
2021-01-27,10975,92727,151470,18
2021-01-28,11019,92926,151470,18
2021-01-29,11062,93147,151470,18
2021-01-30,11104,93319,151470,18
2021-01-31,11129,93478,151470,18
2021-02-01,11152,93576,151470,18
2021-02-02,11165,93626,151470,18
2021-02-03,11175,93685,151470,18
2021-02-04,11212,93884,151470,18
2021-02-05,11235,94020,151470,18
2021-02-06,11260,94133,151470,18
2021-02-07,11274,94305,151470,18
2021-02-08,11294,94440,151470,18
2021-02-09,11311,94557,151470,18
2021-02-10,11321,94677,151470,18
2021-02-11,11346,94868,151470,18
2021-02-12,11369,94986,151470,18
2021-02-13,11394,95074,151470,18
2021-02-14,11409,95198,151470,18
2021-02-15,11426,95294,151470,18
2021-02-16,11433,95322,151470,18
2021-02-17,11439,95424,151470,18
2021-02-18,11462,95547,151470,18
2021-02-19,11489,95697,151470,18
2021-02-20,11514,95850,151470,18
2021-02-21,11526,96023,151470,18
2021-02-22,11533,96137,151470,18
2021-02-23,11542,96281,151470,18
2021-02-24,11552,96346,151470,18
2021-02-25,11572,96469,151470,18
2021-02-26,11588,96562,151470,18
2021-02-27,11621,96731,151470,18
2021-02-28,11630,96835,151470,18
2021-03-01,11642,96920,151470,18
2021-03-02,11654,96951,151470,18
2021-03-03,11667,97067,151470,18
2021-03-04,11696,97227,151470,18
2021-03-05,11718,97329,151470,18
2021-03-06,11738,97457,151470,18
2021-03-07,11752,97626,151470,18
2021-03-08,11762,97735,151470,18
2021-03-09,11773,97826,151470,18
2021-03-10,11785,97948,151470,18
2021-03-11,11804,98074,151470,18
2021-03-12,11835,98212,151470,18
2021-03-13,11851,98339,151470,18
2021-03-14,11871,98453,151470,18
2021-03-15,11881,98543,151470,18
2021-03-16,11894,98618,151470,18
2021-03-17,11906,98694,151470,18
2021-03-18,11926,98881,151470,18
2021-03-19,11948,98998,151470,18
2021-03-20,11950,99046,151470,18
2021-03-21,11964,99220,151470,18
2021-03-22,11972,99317,151470,18
2021-03-23,11979,99341,151470,18
2021-03-24,11995,99464,151470,18
2021-03-25,12016,99548,151470,18
2021-03-26,12029,99606,151470,18
2021-03-27,12043,99642,151470,18
2021-03-28,12055,99758,151470,18
2021-03-29,12068,99856,151470,18
2021-03-30,12079,99902,151470,18
2021-03-31,12085,100018,151470,18
2021-04-01,12104,100195,151470,18
2021-04-02,12135,100339,151470,18
2021-04-03,12167,100516,151470,18
2021-04-04,12193,100711,151470,18
2021-04-05,12226,100859,151470,18
2021-04-06,12237,100951,151470,18
2021-04-07,12250,101071,151470,18
2021-04-08,12291,101291,151470,18
2021-04-09,12333,101456,151470,18
2021-04-10,12352,101613,151470,18
2021-04-11,12384,101771,151470,18
2021-04-12,12402,101920,151470,18
2021-04-13,12420,102039,151470,18
2021-04-14,12450,102196,151470,18
2021-04-15,12492,102443,151470,18
2021-04-16,12527,102608,151470,18
2021-04-17,12546,102784,151470,18
2021-04-18,12569,102957,151470,18
2021-04-19,12584,103089,151470,18
2021-04-20,12603,103206,151470,18
2021-04-21,12624,103369,151470,18
2021-04-22,12651,103593,151470,18
2021-04-23,12671,103760,151470,18
2021-04-24,12687,103918,151470,18
2021-04-25,12699,104073,151470,18
2021-04-26,12708,104179,151470,18
2021-04-27,12727,104276,151470,18
2021-04-28,12742,104436,151470,18
2021-04-29,12768,104652,151470,18
2021-04-30,12789,104865,151470,18
2021-05-01,12809,105034,151470,18
2021-05-02,12825,105196,151470,18
2021-05-03,12839,105300,151470,18
2021-05-04,12844,105375,151470,18
2021-05-05,12859,105512,151470,18
2021-05-06,12889,105774,151470,18
2021-05-07,12906,105923,151470,18
2021-05-08,12913,106108,151470,18
2021-05-09,12924,106259,151470,18
2021-05-10,12928,106346,151470,18
2021-05-11,12933,106419,151470,18
2021-05-12,12944,106565,151470,18
2021-05-13,12951,106698,151470,18
2021-05-14,12966,106874,151470,18
2021-05-15,12990,107070,151470,18
2021-05-16,12992,107198,151470,18
2021-05-17,12993,107260,151470,18
2021-05-18,13002,107361,151470,18
2021-05-19,13011,107518,151470,18
2021-05-20,13023,107684,151470,18
2021-05-21,13027,107783,151470,18
2021-05-22,13038,107940,151470,18
2021-05-23,13042,108056,151470,18
2021-05-24,13045,108138,151470,18
2021-05-25,13050,108212,151470,18
2021-05-26,13060,108327,151470,18
2021-05-27,13061,108443,151470,18
2021-05-28,13066,108522,151470,18
2021-05-29,13071,108597,151470,18
2021-05-30,13075,108681,151470,18
2021-05-31,13077,108721,151470,18
2021-06-01,13077,108776,151470,18
2021-06-02,13080,108827,151470,18
2021-06-03,13080,108829,151470,18
2021-06-04,13083,108931,151470,18
2021-06-05,13085,109021,151470,18
2021-06-06,13085,109098,151470,18
2021-06-07,13088,109162,151470,18
2021-06-08,13093,109214,151470,18
2021-06-09,13095,109276,151470,18
2021-06-10,13095,109364,151470,18
2021-06-11,13096,109402,151470,18
2021-06-12,13100,109463,151470,18
2021-06-13,13102,109522,151470,18
2021-06-14,13104,109557,151470,18
2021-06-15,13104,109563,151470,18
2021-06-16,13104,109565,151470,18
2021-06-17,13111,109731,151470,18
2021-06-18,13115,109781,151470,18
2021-06-19,13117,109849,151470,18
2021-06-20,13121,109942,151470,18
2021-06-21,13122,109986,151470,18
2021-06-22,13122,110080,151470,18
2021-06-23,13122,110161,151470,18
