"","Date", "Site", "N1RankLeft", "N1RankRight", "N2RankLeft", "N2RankRight", "N1", "N2", "MaxN1Rank"
"1",2020-09-28,"MMSD-P2",531,474,531,485,0,0,-531
"2",2021-01-11,"MMSD-P2",57,123,46,157,216079,249714,-157
"3",2021-01-11,"MMSD-P7",408,341,374,248.5,122744,195988,-408
"4",2021-01-11,"MMSD-P8",190,171,282.5,159,152907,194029,-282.5
"5",2021-01-11,"MMSD-P11",360,460,372,478,112506,141198,-478
"6",2021-01-11,"MMSD-P18",71,56,53,55,295775,356586,-71
"7",2021-01-14,"MMSD-P2",475,293,476,204,65258,106756,-476
"8",2021-01-14,"MMSD-P7",238,235,327,236,73171,83681,-327
"9",2021-01-14,"MMSD-P8",296,403,295,408,63316,76870,-408
"10",2021-01-14,"MMSD-P11",128,487,123,492,147601,158432,-492
"11",2021-01-14,"MMSD-P18",44,502,39,471,403960,447737,-502
"12",2021-01-18,"MMSD-P2",29,14,60,27,799894,646408,-60
"13",2021-01-18,"MMSD-P7",517,132,504,128,160990,168312,-517
"14",2021-01-18,"MMSD-P8",399,265,403,239,82245,79657,-403
"15",2021-01-18,"MMSD-P11",266,472,292,452,81479,73770,-472
"16",2021-01-18,"MMSD-P18",59,64,79,110,295828,228049,-110
"17",2021-01-21,"MMSD-P2",467,236,421,160,94764,121657,-467
"18",2021-01-21,"MMSD-P7",295,310,371,357,86109,68929,-371
"19",2021-01-21,"MMSD-P8",221,259,174,217,101053,110473,-259
"20",2021-01-21,"MMSD-P11",272,496,314,489,99618,94883,-496
"21",2021-01-21,"MMSD-P18",35,35,42,48,422985,378298,-48
"22",2021-01-25,"MMSD-P2",496,274,483,299,62166,94675,-496
"23",2021-01-25,"MMSD-P7",257,275,232,272,64345,107125,-275
"24",2021-01-25,"MMSD-P8",256,469,259,482,66705,110510,-482
"25",2021-01-25,"MMSD-P11",62,339,49,420,280459,354015,-420
"26",2021-01-25,"MMSD-P18",192,60,111,42,310278,447153,-192
"27",2021-01-28,"MMSD-P2",471,344,489,247,94430,110851,-489
"28",2021-01-28,"MMSD-P7",187,154,284,171,126682,108839,-284
"29",2021-01-28,"MMSD-P8",377,522,360,518,70898,62327,-522
"30",2021-01-28,"MMSD-P11",9,8,13,11,1107390,1098130,-13
"31",2021-01-28,"MMSD-P18",523,113,520,95,271733,239687,-523
"32",2021-02-01,"MMSD-P2",418,133,436,130,166056,112517,-436
"33",2021-02-01,"MMSD-P7",398,422,401,439,88931,27727,-439
"34",2021-02-01,"MMSD-P8",109,308,92,320,201531,164152,-320
"35",2021-02-01,"MMSD-P11",223,461,211,451,216130,188216,-461
"36",2021-02-01,"MMSD-P18",70,76,80,70,399598,341691,-80
"37",2021-02-04,"MMSD-P2",455,83,461,96,225892,162506,-461
"38",2021-02-04,"MMSD-P7",448,210,435,297,62329,37362,-448
"39",2021-02-04,"MMSD-P8",321,463,234,488,43975,49662,-488
"40",2021-02-04,"MMSD-P11",68,305,43,103,238730,312646,-305
"41",2021-02-04,"MMSD-P18",226,376,428,415,252349,195796,-428
"42",2021-02-08,"MMSD-P2",155,74,116,66,306786,284423,-155
"43",2021-02-08,"MMSD-P7",457,297,465,300,130614,88419,-465
"44",2021-02-08,"MMSD-P8",234,451,231,387,140834,101240,-451
"45",2021-02-08,"MMSD-P11",80,393,144,438,302346,167233,-438
"46",2021-02-08,"MMSD-P18",138,185,93,164,374437,303109,-185
"47",2021-02-11,"MMSD-P2",346,102,367,106,340779,252049,-367
"48",2021-02-11,"MMSD-P7",429,108,425,199,226876,140429,-429
"49",2021-02-11,"MMSD-P8",423,386,332,328,117618,115617,-423
"50",2021-02-11,"MMSD-P11",145,158,203,188,183774,143625,-203
"51",2021-02-11,"MMSD-P18",373,411,343,368,130403,114390,-411
"52",2021-02-15,"MMSD-P2",120,94,163,99,225421,168360,-163
"53",2021-02-15,"MMSD-P7",437,346,432,347,88924,47089,-437
"54",2021-02-15,"MMSD-P8",185,414,184,371,121881,83906,-414
"55",2021-02-15,"MMSD-P11",117,216,160,375,221478,138907,-375
"56",2021-02-15,"MMSD-P18",315,396,156,323,206296,196634,-396
"57",2021-02-18,"MMSD-P18",135,62,208,85,283994,221474,-208
"58",2021-02-18,"MMSD-P11",469,361,446,213,77580,69169,-469
"59",2021-02-18,"MMSD-P8",170,144,318,205,120856,51127,-318
"60",2021-02-18,"MMSD-P7",387,494,326,470,56207,28465,-494
"61",2021-02-18,"MMSD-P2",37,153,61,306,361687,223018,-306
"62",2021-02-22,"MMSD-P2",378,96,225,108,305797,238347,-378
"63",2021-02-22,"MMSD-P7",435,90,423,105,172940,130516,-435
"64",2021-02-22,"MMSD-P8",441,347,426,330,25781,16783,-441
"65",2021-02-22,"MMSD-P11",184,372,201,385,58771,46159,-385
"66",2021-02-22,"MMSD-P18",159,444,146,276,110277,111300,-444
"67",2021-02-25,"MMSD-P2",87,220,255,384,253231,115657,-384
"68",2021-02-25,"MMSD-P7",311,81,147,82,239308,179911,-311
"69",2021-02-25,"MMSD-P8",450,278,449,316,69401,23768,-450
"70",2021-02-25,"MMSD-P11",253,471,215,464,73322,43818,-471
"71",2021-02-25,"MMSD-P18",60,50,67,63,287481,220167,-67
"72",2021-03-01,"MMSD-P2",481,321,468,314,33495,17504,-481
"73",2021-03-01,"MMSD-P7",210,261,217,196,54535,37502,-261
"74",2021-03-01,"MMSD-P8",270,190,335,291,53391,11361,-335
"75",2021-03-01,"MMSD-P11",341,515,240,508,23426,21795,-515
"76",2021-03-01,"MMSD-P18",16,38,23,75,618917,563350,-75
"77",2021-03-04,"MMSD-P18",493,54,456,36,276780,397412,-493
"78",2021-03-04,"MMSD-P7",477,492,495,468,36807,5188,-495
"79",2021-03-04,"MMSD-P2",39,45,63,84,315618,193299,-84
"80",2021-03-04,"MMSD-P8",486,398,447,367,44894,40565,-486
"81",2021-03-04,"MMSD-P11",133,197,164,209,124242,93449,-209
"82",2021-03-08,"MMSD-P2",334,150,322,148,96825,73766,-334
"83",2021-03-08,"MMSD-P7",381,380,383,325,40062,4104,-383
"84",2021-03-08,"MMSD-P8",151,140,206,233,98550,29216,-233
"85",2021-03-08,"MMSD-P11",391,438,298,412,25955,21489,-438
"86",2021-03-08,"MMSD-P18",93,374,119,394,159263,109232,-394
"87",2021-03-11,"MMSD-P2",157,70,137,72,213045,179284,-157
"88",2021-03-11,"MMSD-P7",461,221,459,334,31414,5541,-461
"89",2021-03-11,"MMSD-P8",310,299,197,200,17574,37059,-310
"90",2021-03-11,"MMSD-P11",232,435,331,454,28072,12563,-454
"91",2021-03-11,"MMSD-P18",96,254,77,191,157769,169086,-254
"92",2021-03-15,"MMSD-P18",277,97,340,101,154242,141705,-340
"93",2021-03-15,"MMSD-P2",434,256,430,210,23491,23324,-434
"94",2021-03-15,"MMSD-P7",275,247,321,296,20527,3648,-321
"95",2021-03-15,"MMSD-P8",284,298,235,265,15351,15143,-298
"96",2021-03-15,"MMSD-P11",233,363,266,382,25586,15965,-382
"97",2021-03-18,"MMSD-P2",168,202,149,168,71689,78640,-202
"98",2021-03-18,"MMSD-P7",329,243,363,302,47774,31682,-363
"99",2021-03-18,"MMSD-P8",288,368,229,346,41112,44765,-368
"100",2021-03-18,"MMSD-P11",163,437,185,465,90363,80875,-465
"101",2021-03-18,"MMSD-P18",94,73,66,58,221046,259514,-94
"102",2021-03-22,"MMSD-P2",458,273,473,343,41663,21141,-473
"103",2021-03-22,"MMSD-P7",258,291,188,225,43453,55333,-291
"104",2021-03-22,"MMSD-P8",240,328,306,228,51290,44260,-328
"105",2021-03-22,"MMSD-P11",203,303,303,376,74718,34380,-376
"106",2021-03-22,"MMSD-P18",228,195,155,179,87689,92614,-228
"107",2021-03-25,"MMSD-P2",336,217,352,223,59291,56691,-352
"108",2021-03-25,"MMSD-P7",314,196,308,192,44529,45130,-314
"109",2021-03-25,"MMSD-P8",335,266,339,212,17090,18383,-339
"110",2021-03-25,"MMSD-P11",265,486,319,480,16405,0,-486
"111",2021-03-25,"MMSD-P18",45,65,51,86,271618,233218,-86
"112",2021-03-29,"MMSD-P2",466,168,445,143,71570,85344,-466
"113",2021-03-29,"MMSD-P7",363,309,388,359,29674,11486,-388
"114",2021-03-29,"MMSD-P8",222,342,172,263,44411,57142,-342
"115",2021-03-29,"MMSD-P11",189,507,268,499,76079,57522,-507
"116",2021-03-29,"MMSD-P18",24,25,32,30,536692,478789,-32
"117",2021-04-01,"MMSD-P2",506,318,501,309,34632,23022,-506
"118",2021-04-01,"MMSD-P7",213,226,222,267,53741,40373,-267
"119",2021-04-01,"MMSD-P8",305,352,264,310,42261,41604,-352
"120",2021-04-01,"MMSD-P11",179,349,221,407,77135,59972,-407
"121",2021-04-01,"MMSD-P18",182,141,124,131,110980,141380,-182
"122",2021-04-05,"MMSD-P7",390,381,400,406,39358,57820,-406
"123",2021-04-05,"MMSD-P2",150,484,125,487,98501,139157,-487
"124",2021-04-05,"MMSD-P18",47,43,44,41,346465,395816,-47
"125",2021-04-05,"MMSD-P11",488,174,490,182,66083,59254,-490
"126",2021-04-05,"MMSD-P8",357,324,349,350,29459,24974,-357
"127",2021-04-08,"MMSD-P2",207,383,181,358,51447,64139,-383
"128",2021-04-08,"MMSD-P7",148,147,173,134,112758,105774,-173
"129",2021-04-08,"MMSD-P8",384,188,397,326,54259,25863,-397
"130",2021-04-08,"MMSD-P11",343,418,205,378,22656,51905,-418
"131",2021-04-08,"MMSD-P18",113,116,153,123,131422,112348,-153
"132",2021-04-12,"MMSD-P2",415,331,408,345,29847,21414,-415
"133",2021-04-12,"MMSD-P7",200,199,186,183,53955,57521,-200
"134",2021-04-12,"MMSD-P8",332,242,348,246,29219,23577,-348
"135",2021-04-12,"MMSD-P11",289,417,285,431,22490,21358,-431
"136",2021-04-12,"MMSD-P18",114,129,100,121,131038,139812,-129
"137",2021-04-15,"MMSD-P2",402,302,410,282,48521,48080,-410
"138",2021-04-15,"MMSD-P8",229,412,249,399,60518,54023,-412
"139",2021-04-15,"MMSD-P11",119,103,132,120,157424,126684,-132
"140",2021-04-19,"MMSD-P2",428,329,411,341,43766,33578,-428
"141",2021-04-19,"MMSD-P7",202,458,190,475,67391,67430,-475
"142",2021-04-19,"MMSD-P8",73,77,56,68,246023,271594,-77
"143",2021-04-19,"MMSD-P11",454,167,463,185,73487,78662,-463
"144",2021-04-22,"MMSD-P2",364,375,346,418,30641,48703,-418
"145",2021-04-22,"MMSD-P7",156,159,113,107,84980,137991,-159
"146",2021-04-22,"MMSD-P8",372,337,424,353,31792,27529,-424
"147",2021-04-22,"MMSD-P11",194,189,178,203,60726,67859,-203
"148",2021-04-22,"MMSD-P18",342,525,328,525,30603,44482,-525
"149",2021-04-26,"MMSD-P18",6,5,6,5,1761146,2270206,-6
"150",2021-04-26,"MMSD-P11",526,294,526,400,173731,121556,-526
"151",2021-04-26,"MMSD-P8",237,178,131,129,181856,194280,-237
"152",2021-04-26,"MMSD-P7",353,131,402,198,145908,109214,-402
"153",2021-04-26,"MMSD-P2",400,165,333,162,66599,84380,-400
"154",2021-04-29,"MMSD-P2",366,208,369,184,19439,33031,-369
"155",2021-04-29,"MMSD-P7",323,338,347,324,0,0,-347
"156",2021-04-29,"MMSD-P8",193,306,207,340,29385,24957,-340
"157",2021-04-29,"MMSD-P11",225,456,191,446,43437,58513,-456
"158",2021-04-29,"MMSD-P18",75,100,85,127,215296,200155,-127
"159",2021-05-03,"MMSD-P2",431,163,404,156,89840,111401,-431
"160",2021-05-03,"MMSD-P7",368,192,375,177,41135,52824,-375
"161",2021-05-03,"MMSD-P8",339,436,354,457,11622,14736,-457
"162",2021-05-03,"MMSD-P11",95,485,74,497,141403,175655,-497
"163",2021-05-03,"MMSD-P18",46,37,34,21,389772,571906,-46
"164",2021-05-06,"MMSD-P2",494,223,510,277,38159,10637,-510
"165",2021-05-06,"MMSD-P7",308,335,254,333,25735,15120,-335
"166",2021-05-06,"MMSD-P8",196,218,198,197,51840,46173,-218
"167",2021-05-06,"MMSD-P11",313,465,334,462,37231,20224,-465
"168",2021-05-06,"MMSD-P18",66,68,69,78,238017,193358,-78
"169",2021-05-10,"MMSD-P2",463,392,453,390,47752,31982,-463
"170",2021-05-10,"MMSD-P7",139,125,141,142,118893,99681,-142
"171",2021-05-10,"MMSD-P8",406,441,389,435,32158,25453,-441
"172",2021-05-10,"MMSD-P11",90,270,96,342,170237,150858,-342
"173",2021-05-10,"MMSD-P18",261,430,189,423,170739,184812,-430
"174",2021-05-13,"MMSD-P18",101,42,108,51,297646,283661,-108
"175",2021-05-13,"MMSD-P11",489,250,480,251,8923,12058,-489
"176",2021-05-13,"MMSD-P8",281,371,280,337,4831,10244,-371
"177",2021-05-13,"MMSD-P7",160,181,194,211,54837,42725,-211
"178",2021-05-13,"MMSD-P2",350,377,320,388,19951,23148,-388
"179",2021-05-17,"MMSD-P18",154,143,143,141,75768,90100,-154
"180",2021-05-17,"MMSD-P11",388,264,390,238,10363,15283,-390
"181",2021-05-17,"MMSD-P8",267,359,293,253,9403,9036,-359
"182",2021-05-17,"MMSD-P7",172,325,278,405,51354,7673,-405
"183",2021-05-17,"MMSD-P2",206,511,126,512,73534,86514,-512
"184",2021-05-20,"MMSD-P2",20,22,19,17,608010,676281,-22
"185",2021-05-20,"MMSD-P7",509,169,514,175,56388,58965,-514
"186",2021-05-20,"MMSD-P8",362,246,356,298,15247,17264,-362
"187",2021-05-20,"MMSD-P11",285,527,233,526,9997,29627,-527
"188",2021-05-20,"MMSD-P18",4,4,5,4,1945496,2297335,-5
"189",2021-05-24,"MMSD-P2",527,230,527,260,16713,0,-527
"190",2021-05-24,"MMSD-P7",301,304,271,322,5698,0,-322
"191",2021-05-24,"MMSD-P8",227,244,209,245,18813,24820,-245
"192",2021-05-24,"MMSD-P11",287,431,286,458,12358,21960,-458
"193",2021-05-24,"MMSD-P18",100,509,73,506,139794,183089,-509
"194",2021-05-27,"MMSD-P18",22,15,25,15,637101,676035,-25
"195",2021-05-27,"MMSD-P11",516,313,516,313,0,0,-516
"196",2021-05-27,"MMSD-P8",218,245,218,255,16073,19820,-255
"197",2021-05-27,"MMSD-P7",286,252,276,230,10666,18931,-286
"198",2021-05-27,"MMSD-P2",279,286,301,278,7049,10345,-301
"199",2021-05-31,"MMSD-P2",245,249,253,218,13114,15239,-253
"200",2021-05-31,"MMSD-P7",282,370,313,361,8117,0,-370
"201",2021-05-31,"MMSD-P8",161,156,170,170,58037,46865,-170
"202",2021-05-31,"MMSD-P11",375,425,361,460,3972,0,-460
"203",2021-05-31,"MMSD-P18",106,105,71,74,120744,168461,-106
"204",2021-06-03,"MMSD-P2",426,288,457,260,10940,0,-457
"205",2021-06-03,"MMSD-P7",243,211,271,260,18118,0,-271
"206",2021-06-03,"MMSD-P8",320,364,271,307,0,0,-364
"207",2021-06-03,"MMSD-P11",167,419,224,434,46406,16060,-434
"208",2021-06-03,"MMSD-P18",112,86,97,90,155967,140974,-112
"209",2021-06-07,"MMSD-P2",445,300,441,305,0,0,-445
"210",2021-06-07,"MMSD-P7",231,311,226,279,11044,14791,-311
"211",2021-06-07,"MMSD-P8",220,504,252,511,26005,20151,-511
"212",2021-06-07,"MMSD-P11",27,48,20,32,439420,591505,-48
"213",2021-06-07,"MMSD-P18",483,284,499,397,180133,171012,-499
"214",2021-06-10,"MMSD-P2",247,69,134,57,185594,242619,-247
"215",2021-06-10,"MMSD-P8",462,268.5,474,260,0,0,-474
"216",2021-06-10,"MMSD-P7",262.5,382,271,386,0,0,-386
"217",2021-06-10,"MMSD-P11",149,440,145,481,61066,65314,-481
"218",2021-06-10,"MMSD-P18",91,75,50,49,198437,304699,-91
"219",2021-06-14,"MMSD-P2",456,209,482,207,22821,24661,-482
"220",2021-06-14,"MMSD-P11",322,477,324,466,4231,4036,-477
"221",2021-06-14,"MMSD-P7",54,58,65,71,237837,183046,-71
"222",2021-06-14,"MMSD-P8",473,415,460,414,13212,8847,-473
"223",2021-06-14,"MMSD-P18",116,106,117,125,117539,97207,-125
"224",2021-06-17,"MMSD-P2",425,453,406,441,7891,6996,-453
"225",2021-06-17,"MMSD-P18",78,80,90,88,171090,143660,-90
"226",2021-06-17,"MMSD-P11",451,268.5,443,260,0,0,-451
"227",2021-06-17,"MMSD-P8",262.5,301,271,289,0,0,-301
"228",2021-06-17,"MMSD-P7",230,229,242,229,11054,9283,-242
"229",2021-06-21,"MMSD-P2",302,295,302,288,0,0,-302
"230",2021-06-21,"MMSD-P7",236,260,243,256,9027,8639,-260
"231",2021-06-21,"MMSD-P8",271,296,275,232,7867,8251,-296
"232",2021-06-21,"MMSD-P11",235,395,299,436,17598,0,-436
"233",2021-06-21,"MMSD-P18",136,124,95,97,94675,130674,-136
"234",2021-06-24,"MMSD-P2",407,285,434,304,5225,7208,-434
"235",2021-06-24,"MMSD-P7",246,323,227,221,10971,21913,-323
"236",2021-06-24,"MMSD-P8",208,279,310,338,32877,9898,-338
"237",2021-06-24,"MMSD-P11",252,336,193,372,36932,42644,-372
"238",2021-06-24,"MMSD-P18",195,151,159,124,64978,97880,-195
"239",2021-06-28,"MMSD-P2",380,263,407,271,8241,7513,-407
"240",2021-06-28,"MMSD-P7",268,241,260,244,7152,10680,-268
"241",2021-06-28,"MMSD-P8",290,280,287,254,0,6515,-290
"242",2021-06-28,"MMSD-P11",251,455,277,450,4306,5215,-455
"243",2021-06-28,"MMSD-P18",76,87,81,83,173376,156112,-87
"244",2021-07-01,"MMSD-P2",444,237,448,280,20232,0,-448
"245",2021-07-01,"MMSD-P7",294,225,251,257,11598,5899,-294
"246",2021-07-01,"MMSD-P8",306,333,274,290,0,5896,-333
"247",2021-07-01,"MMSD-P11",198,322,241,308,25111,15991,-322
"248",2021-07-01,"MMSD-P18",209,183,223,214,46830,32412,-223
"249",2021-07-05,"MMSD-P2",348,320,317,270,12847,14483,-348
"250",2021-07-05,"MMSD-P7",211,184,261,216,33710,16466,-261
"251",2021-07-05,"MMSD-P8",347,282,315,303,0,0,-347
"252",2021-07-05,"MMSD-P11",249,409,228,391,4807,13960,-409
"253",2021-07-05,"MMSD-P18",122,128,140,137,94769,82863,-140
"254",2021-07-08,"MMSD-P2",403,262,394,275,11798,6017,-403
"255",2021-07-08,"MMSD-P7",269,232,256,227,10708,10335,-269
"256",2021-07-08,"MMSD-P8",299,289,304,293,0,0,-304
"257",2021-07-08,"MMSD-P11",242,390,238,401,7480,10989,-401
"258",2021-07-08,"MMSD-P18",141,406,130,402,77995,84711,-406
"259",2021-07-12,"MMSD-P18",125,85,129,80,164715,160002,-129
"260",2021-07-12,"MMSD-P11",446,277,451,286,7945,0,-451
"261",2021-07-12,"MMSD-P8",254,267,245,250,10793,8100,-267
"262",2021-07-12,"MMSD-P7",264,287,281,301,10242,6182,-301
"263",2021-07-12,"MMSD-P2",244,240,230,266,16309,19165,-266
"264",2021-07-15,"MMSD-P2",291,258,265,237,9084,20105,-291
"265",2021-07-15,"MMSD-P7",273,281,294,231,7634,13677,-294
"266",2021-07-15,"MMSD-P8",250,238,300,268,12156,5196,-300
"267",2021-07-15,"MMSD-P11",293,315,263,283,3979,6856,-315
"268",2021-07-15,"MMSD-P18",216,362,248,398,21929,13277,-398
"269",2021-07-19,"MMSD-P18",169,161,133,133,66857,85523,-169
"270",2021-07-19,"MMSD-P11",370,307,398,292,15468,3804,-398
"271",2021-07-19,"MMSD-P8",224,283,239,252,29755,14495,-283
"272",2021-07-19,"MMSD-P7",248,201,279,220,35016,12960,-279
"273",2021-07-19,"MMSD-P2",330,340,311,364,10939,0,-364
"274",2021-07-22,"MMSD-P2",191,213,167,206,40999,48434,-213
"275",2021-07-22,"MMSD-P7",318,251,325,241,24240,25981,-325
"276",2021-07-22,"MMSD-P8",280,276,290,273,20382,21015,-290
"277",2021-07-22,"MMSD-P11",255,513,258,498,22830,24958,-513
"278",2021-07-22,"MMSD-P18",18,20,33,35,578837,426064,-35
"279",2021-07-26,"MMSD-P7",511,385,496,389,22234,18735,-511
"280",2021-07-26,"MMSD-P2",146,139,142,150,87920,86185,-150
"281",2021-07-26,"MMSD-P8",392,400,381,363,14820,17825,-400
"282",2021-07-26,"MMSD-P18",131,172,168,234,96259,65563,-234
"283",2021-07-26,"MMSD-P11",359,442,297,455,56082,57844,-455
"284",2021-07-29,"MMSD-P2",89,136,76,132,194537,216315,-136
"285",2021-07-29,"MMSD-P7",395,420,399,369,119067,134405,-420
"286",2021-07-29,"MMSD-P8",111,78,162,92,229833,188581,-162
"287",2021-07-29,"MMSD-P11",453,353,439,417,58331,51614,-453
"288",2021-07-29,"MMSD-P18",178,355,114,332,94436,140785,-355
"289",2021-08-02,"MMSD-P2",176,187,199,126,131437,171312,-199
"290",2021-08-02,"MMSD-P7",344,193,405,311,98507,81426,-405
"291",2021-08-02,"MMSD-P8",338,186,220,190,69165,100159,-338
"292",2021-08-02,"MMSD-P11",345,334,341,226,35873,72330,-345
"293",2021-08-02,"MMSD-P18",197,365,305,348,61784,61507,-365
"294",2021-08-05,"MMSD-P8",166,239,183,201,109143,99190,-239
"295",2021-08-05,"MMSD-P7",292,373,330,366,101092,74736,-373
"296",2021-08-05,"MMSD-P2",158,122,165,158,153028,123671,-165
"297",2021-08-05,"MMSD-P18",409,214,373,222,59461,70168,-409
"298",2021-08-05,"MMSD-P11",317,416,309,453,42797,58522,-453
"299",2021-08-09,"MMSD-P2",115,234,78,145,150843,213641,-234
"300",2021-08-09,"MMSD-P7",297,319,386,178,140813,142025,-386
"301",2021-08-09,"MMSD-P8",212,173,353,269,160126,104446,-353
"302",2021-08-09,"MMSD-P11",358,424,262,429,120729,106313,-429
"303",2021-08-09,"MMSD-P18",107,135,102,122,236275,220802,-135
"304",2021-08-12,"MMSD-P2",396,146,409,174,160187,129263,-409
"305",2021-08-12,"MMSD-P7",385,343,357,327,99234,86813,-385
"306",2021-08-12,"MMSD-P8",188,231,204,189,131292,114183,-231
"307",2021-08-12,"MMSD-P11",300,358,342,432,120280,85580,-432
"308",2021-08-12,"MMSD-P18",173,157,99,135,160773,205604,-173
"309",2021-08-16,"MMSD-P2",374,476,396,426,107352,125771,-476
"310",2021-08-16,"MMSD-P7",55,82,105,109,331327,235979,-109
"311",2021-08-16,"MMSD-P8",449,145,422,169,162214,128951,-449
"312",2021-08-16,"MMSD-P11",386,427,362,393,99710,81994,-427
"313",2021-08-16,"MMSD-P18",104,99,138,147,218194,151239,-147
"314",2021-08-19,"MMSD-P2",432,399,384,411,90550,80262,-432
"315",2021-08-19,"MMSD-P7",132,137,120,115,170462,167627,-137
"316",2021-08-19,"MMSD-P8",394,152,416,176,95696,71785,-416
"317",2021-08-19,"MMSD-P11",379,378,355,404,38980,30963,-404
"318",2021-08-19,"MMSD-P18",153,491,127,479,95613,106556,-491
"319",2021-08-23,"MMSD-P2",40,67,52,59,366455,332122,-67
"320",2021-08-23,"MMSD-P7",464,206,472,243,173577,95084,-472
"321",2021-08-23,"MMSD-P8",325,228,288,312,152635,90379,-325
"322",2021-08-23,"MMSD-P11",303,257,219,410,141556,110186,-410
"323",2021-08-23,"MMSD-P18",274,439,121,374,139118,193304,-439
"324",2021-08-26,"MMSD-P2",92,404,157,151,273936,250986,-404
"325",2021-08-26,"MMSD-P7",127,61,380,208,359455,182838,-380
"326",2021-08-26,"MMSD-P8",470,470,323,425,145199,162256,-470
"327",2021-08-26,"MMSD-P11",61,40,106,62,359031,264249,-106
"328",2021-08-26,"MMSD-P18",491,447,469,467,42180,35173,-491
"329",2021-08-30,"MMSD-P2",84,200,64,264,194907,215387,-264
"330",2021-08-30,"MMSD-P7",331,117,267,100,170215,215924,-331
"331",2021-08-30,"MMSD-P8",414,481,431,433,68780,95017,-481
"332",2021-08-30,"MMSD-P11",50,72,98,113,311116,219444,-113
"333",2021-08-30,"MMSD-P18",459,350,418,381,130515,121501,-459
"334",2021-09-02,"MMSD-P2",181,194,150,161,164940,183175,-194
"335",2021-09-02,"MMSD-P7",337,271,370,318,135947,130704,-370
"336",2021-09-02,"MMSD-P8",260,205,213,242,136673,152819,-260
"337",2021-09-02,"MMSD-P11",326,408,289,370,115710,147884,-408
"338",2021-09-02,"MMSD-P18",123,292,161,274,205170,202696,-292
"339",2021-09-06,"MMSD-P2",239,162,257,138,213037,206867,-257
"340",2021-09-06,"MMSD-P7",369,446,393,442,163442,130911,-446
"341",2021-09-06,"MMSD-P8",85,164,89,152,313893,269695,-164
"342",2021-09-06,"MMSD-P11",367,155,379,294.5,265565,201648,-379
"343",2021-09-06,"MMSD-P18",376,423,236.5,430,211195,213084,-430
"344",2021-09-09,"MMSD-P2",108,79,101,61,326679,329616,-108
"345",2021-09-09,"MMSD-P7",452,166,470,360,155180,100250,-470
"346",2021-09-09,"MMSD-P8",365,490,171,461,108466,145928,-490
"347",2021-09-09,"MMSD-P11",41,104,70,112,379248,316124,-112
"348",2021-09-09,"MMSD-P18",427,92,419,139,266621,214073,-427
"349",2021-09-13,"MMSD-P2",439,508,392,501,125414,138429,-508
"350",2021-09-13,"MMSD-P7",23,27,30,31,596855,570164,-31
"351",2021-09-13,"MMSD-P8",504,175,500,181,184090,135755,-504
"352",2021-09-13,"MMSD-P11",356,421,350,473,147638,100411,-473
"353",2021-09-13,"MMSD-P18",110,397,58,317,260056,302782,-397
"354",2021-09-16,"MMSD-P2",134,93,214,104,339401,324637,-214
"355",2021-09-16,"MMSD-P7",438,191,427,111,202045,208691,-438
"356",2021-09-16,"MMSD-P8",340,428,420,445,172264,104137,-445
"357",2021-09-16,"MMSD-P11",103,224,86,344,295856,245147,-344
"358",2021-09-16,"MMSD-P18",307,118,187,136,283711,280357,-307
"359",2021-09-20,"MMSD-P18",413,160,395,172,185561,200564,-413
"360",2021-09-20,"MMSD-P11",371,387,359,187,134140,155564,-387
"361",2021-09-20,"MMSD-P8",144,468,344,502,201274,125966,-502
"362",2021-09-20,"MMSD-P7",63,248,29,60,410824,569744,-248
"363",2021-09-20,"MMSD-P2",283,49,471,67,405818,337074,-471
"364",2021-09-23,"MMSD-P2",482,505,464,496,148392,141990,-505
"365",2021-09-23,"MMSD-P7",26,28,35,38,562138,514592,-38
"366",2021-09-23,"MMSD-P8",503,272,493,180,150968,168548,-503
"367",2021-09-23,"MMSD-P11",259,466,351,424,152471,133163,-466
"368",2021-09-23,"MMSD-P18",65,198,107,240,357579,234380,-240
"369",2021-09-27,"MMSD-P2",333,170,291,335,331138,229065,-335
"370",2021-09-27,"MMSD-P7",361,182,196,114,290610,260616,-361
"371",2021-09-27,"MMSD-P8",349,110,417,195,256231,164749,-417
"372",2021-09-27,"MMSD-P11",421,482,336,474,148111,138573,-482
"373",2021-09-27,"MMSD-P18",49,148,57,444,393878,341481,-444
"374",2021-09-30,"MMSD-P2",383,121,87,65,336189,481682,-383
"375",2021-09-30,"MMSD-P7",410,391,466,421,241359,285022,-466
"376",2021-09-30,"MMSD-P8",140,459,110,427,312241,378760,-459
"377",2021-09-30,"MMSD-P11",72,332,104,416,494627,492228,-416
"378",2021-09-30,"MMSD-P18",199,26,115,26,519460,581387,-199
"379",2021-10-04,"MMSD-P18",505,345,505,354,100502,81696,-505
"380",2021-10-04,"MMSD-P11",186,357,177,281,132758,122553,-357
"381",2021-10-04,"MMSD-P8",174,179,250,193,172914,128467,-250
"382",2021-10-04,"MMSD-P7",352,402,338,392,137332,101734,-402
"383",2021-10-04,"MMSD-P2",129,366,139,284,220932,170892,-366
"384",2021-10-07,"MMSD-P2",165,180,247,329,269119,177581,-329
"385",2021-10-07,"MMSD-P7",351,212,202,140,233824,206261,-351
"386",2021-10-07,"MMSD-P8",319,219,391,294.5,216720,130824,-391
"387",2021-10-07,"MMSD-P11",312,448,236.5,463,202368,142260,-463
"388",2021-10-07,"MMSD-P18",83,112,68,153,359371,317340,-153
"389",2021-10-11,"MMSD-P2",419,369,378,349,252770,250532,-419
"390",2021-10-11,"MMSD-P7",162,142,182,149,302216,289560,-182
"391",2021-10-11,"MMSD-P8",389,360,382,339,233131,221137,-389
"392",2021-10-11,"MMSD-P11",171,351,192,448,275285,254214,-448
"393",2021-10-11,"MMSD-P18",180,119,83,76,310064,399310,-180
"394",2021-10-14,"MMSD-P18",412,389,455,422,212879,236450,-455
"395",2021-10-14,"MMSD-P11",142,203,109,154,282371,334026,-203
"396",2021-10-14,"MMSD-P8",328,107,377,89,259475,271972,-377
"397",2021-10-14,"MMSD-P7",424,454,442,490,150208,128737,-490
"398",2021-10-14,"MMSD-P2",77,111,41,53,318004,413158,-111
"399",2021-10-18,"MMSD-P2",420,432,478,379,210354,159605,-478
"400",2021-10-18,"MMSD-P7",99,130,152,352,337918,220443,-352
"401",2021-10-18,"MMSD-P8",401,384,179,194,257382,260545,-401
"402",2021-10-18,"MMSD-P11",147,330,337,331,320876,233892,-337
"403",2021-10-18,"MMSD-P18",201,88,200,98,344765,263476,-201
"404",2021-10-21,"MMSD-P2",443,134,433,165,195292,140965,-443
"405",2021-10-21,"MMSD-P7",397,207,366,219,118611,91705,-397
"406",2021-10-21,"MMSD-P8",324,388,312,437,98514,77698,-437
"407",2021-10-21,"MMSD-P11",143,410,94,202,165831,210507,-410
"408",2021-10-21,"MMSD-P18",121,63,329,91,258928,187078,-329
"409",2021-10-25,"MMSD-P2",468,405,440,419,53530,48418,-468
"410",2021-10-25,"MMSD-P7",126,101,112,102,140109,139446,-126
"411",2021-10-25,"MMSD-P8",430,473,429,449,20618,21285,-473
"412",2021-10-25,"MMSD-P11",58,127,82,166,235951,167268,-166
"413",2021-10-25,"MMSD-P18",404,327,365,215,152257,118249,-404
"414",2021-10-28,"MMSD-P2",204,215,316,383,175018,101314,-383
"415",2021-10-28,"MMSD-P7",316,176,148,119,158726,164919,-316
"416",2021-10-28,"MMSD-P8",355,222,412,336,122403,70458,-412
"417",2021-10-28,"MMSD-P11",309,413,195,409,109576,102428,-413
"418",2021-10-28,"MMSD-P18",118,290,122,315,206646,184718,-315
"419",2021-11-01,"MMSD-P2",241,394,216,355,214249,204727,-394
"420",2021-11-01,"MMSD-P7",137,114,176,248.5,289131,246156,-248.5
"421",2021-11-01,"MMSD-P8",417,348,282.5,163,187325,244197,-417
"422",2021-11-01,"MMSD-P11",183,227,368,443,220577,192889,-443
"423",2021-11-01,"MMSD-P18",304,452,88,447,209159,332511,-452
"424",2021-11-04,"MMSD-P2",79,126,84,87,371357,476660,-126
"425",2021-11-04,"MMSD-P7",405,115,444,69,287371,332058,-444
"426",2021-11-04,"MMSD-P8",416,503,462,503,185698,140124,-503
"427",2021-11-04,"MMSD-P11",28,34,28,46,591985,596739,-46
"428",2021-11-04,"MMSD-P18",497,253,485,155,227410,305826,-497
"429",2021-11-08,"MMSD-P2",278,426,376,484,223860,244615,-484
"430",2021-11-08,"MMSD-P7",105,53,47,34,340868,488750,-105
"431",2021-11-08,"MMSD-P8",478,450,497,477,99435,79669,-497
"432",2021-11-08,"MMSD-P11",81,429,54,395,258028,290494,-429
"433",2021-11-08,"MMSD-P18",102,71,136,144,381630,361822,-144
"434",2021-11-11,"MMSD-P2",460,445,387,380,200875,289930,-460
"435",2021-11-11,"MMSD-P7",86,91,151,73,348838,351352,-151
"436",2021-11-11,"MMSD-P8",440,483,458,476,203046,182723,-483
"437",2021-11-11,"MMSD-P11",48,84,55,146,449118,393453,-146
"438",2021-11-11,"MMSD-P18",447,493,385,469,289302,321930,-493
"439",2021-11-15,"MMSD-P2",38,138,62,319,569756,511475,-319
"440",2021-11-15,"MMSD-P7",393,499,212,494,495222,534731,-499
"441",2021-11-15,"MMSD-P8",32,367,37,365,860526,850735,-367
"442",2021-11-15,"MMSD-P18",164,33,166,64,909463,899487,-166
"443",2021-11-18,"MMSD-P2",498,529,467,529,544506,698871,-529
"444",2021-11-18,"MMSD-P7",2,2,2,2,6737773,6994002,-2
"445",2021-11-18,"MMSD-P8",529,317,529,413,254934,276440,-529
"446",2021-11-18,"MMSD-P11",214,478,118,396,273574,364568,-478
"447",2021-11-18,"MMSD-P18",53,480,135,495,509187,436077,-495
"448",2021-11-22,"MMSD-P2",51,52,36,77,745157,754597,-77
"449",2021-11-22,"MMSD-P7",479,316,454,79,503492,592713,-479
"450",2021-11-22,"MMSD-P8",215,407,452,440,521918,432589,-452
"451",2021-11-22,"MMSD-P11",124,177,91,118,610822,569157,-177
"452",2021-11-22,"MMSD-P18",354,462,413,483,574819,474563,-483
"453",2021-11-25,"MMSD-P2",69,449,48,167,760105,718692,-449
"454",2021-11-25,"MMSD-P7",82,21,364,43,918189,669835,-364
"455",2021-11-25,"MMSD-P8",510,506,488,493,365946,352506,-510
"456",2021-11-25,"MMSD-P11",25,204,38,356,820850,660455,-356
"457",2021-11-25,"MMSD-P18",327,89,175,50,798216,701921,-327
"458",2021-11-29,"MMSD-P2",442,501,481,514,649125,429717,-514
"459",2021-11-29,"MMSD-P7",30,9,17,12,1035980,1076600,-30
"460",2021-11-29,"MMSD-P8",522,520,519,521,246918,220014,-522
"461",2021-11-29,"MMSD-P18",11,16,10,20,1154247,1369457,-20
"462",2021-12-02,"MMSD-P2",515,518,511,509,527116,786149,-518
"463",2021-12-02,"MMSD-P7",13,23,22,24,1224699,1346764,-24
"464",2021-12-02,"MMSD-P8",508,109,507,56,683746,834224,-508
"465",2021-12-02,"MMSD-P11",422,379,475,351,574874,584930,-475
"466",2021-12-02,"MMSD-P18",152,46,180,81,633021,624485,-180
"467",2021-12-06,"MMSD-P2",485,495,450,504,365393,464858,-504
"468",2021-12-06,"MMSD-P7",36,30,27,23,686238,932437,-36
"469",2021-12-06,"MMSD-P8",501,510,508,491,308875,419734,-510
"470",2021-12-06,"MMSD-P11",21,521,40,519,828952,708231,-521
"471",2021-12-06,"MMSD-P18",10,6,12,7,1760531,1776716,-12
"472",2021-12-09,"MMSD-P2",525,500,524,505,243391,207442,-525
"473",2021-12-09,"MMSD-P7",31,354,26,287,621180,683671,-354
"474",2021-12-09,"MMSD-P8",177,434,244,117,657814,692111,-434
"475",2021-12-09,"MMSD-P11",97,95,414,285,787070,596883,-414
"476",2021-12-09,"MMSD-P18",436,59,246,94,652606,603734,-436
"477",2021-12-13,"MMSD-P2",472,98,437,321,429555,475306,-472
"478",2021-12-13,"MMSD-P7",433,443,210,173,300888,499546,-443
"479",2021-12-13,"MMSD-P8",88,312,358,93,443364,456116,-358
"480",2021-12-13,"MMSD-P11",219,489,438,510,458847,326182,-510
"481",2021-12-13,"MMSD-P18",42,519,21,516,722770,887123,-519
"482",2021-12-16,"MMSD-P2",12,19,15,33,1593838,1597008,-33
"483",2021-12-16,"MMSD-P7",512,36,498,37,993857,1181154,-512
"484",2021-12-16,"MMSD-P8",495,512,494,500,635295,824679,-512
"485",2021-12-16,"MMSD-P11",19,29,31,40,1184423,1255751,-40
"486",2021-12-16,"MMSD-P18",502,467,491,224,783072,916620,-502
"487",2021-12-20,"MMSD-P2",64,12,307,22,988352,905274,-307
"488",2021-12-20,"MMSD-P7",519,326,509,235,322390,345889,-519
"489",2021-12-20,"MMSD-P8",205,433,296,428,344886,338902,-433
"490",2021-12-20,"MMSD-P11",98,356,103,186,473784,452689,-356
"491",2021-12-20,"MMSD-P18",175,514,345,520,513381,423058,-520
"492",2021-12-27,"MMSD-P2",17,51,11,29,1091049,1507860,-51
"493",2021-12-27,"MMSD-P7",480,55,502,54,837144,1038574,-502
"494",2021-12-27,"MMSD-P8",476,517,477,517,601523,787254,-517
"495",2021-12-27,"MMSD-P11",14,24,14,45,1228513,1552902,-45
"496",2021-12-27,"MMSD-P18",507,524,486,524,699556,1259382,-524
"497",2022-01-03,"MMSD-P2",7,255,7,28,1943413,3145842,-255
"498",2022-01-03,"MMSD-P7",276,18,503,9,1940311,2675742,-503
"499",2022-01-03,"MMSD-P8",513,528,522,527,1326760,1445857,-528
"500",2022-01-03,"MMSD-P11",3,13,4,456,3909454,3903192,-456
"501",2022-01-03,"MMSD-P18",518,488,75,507,3247531,4063992,-518
"502",2022-01-06,"MMSD-P2",43,464,24,14,3507968,4583518,-464
"503",2022-01-06,"MMSD-P7",67,3,517,3,3705908,3879368,-517
"504",2022-01-06,"MMSD-P8",528,526,528,528,1250610,1355427,-528
"505",2022-01-06,"MMSD-P11",5,44,3,16,3142615,4083821,-44
"506",2022-01-06,"MMSD-P18",487,7,515,10,2867294,3448220,-515
"507",2022-01-10,"MMSD-P2",524,516,521,486,1365409,2334412,-524
"508",2022-01-10,"MMSD-P7",15,41,45,18,1974657,2590253,-45
"509",2022-01-10,"MMSD-P8",490,47,513,39,1670874,1974224,-513
"510",2022-01-10,"MMSD-P11",484,66,492,44,1408644,1632962,-492
"511",2022-01-10,"MMSD-P18",465,523,487,523,1214423,1318282,-523
"512",2022-01-13,"MMSD-P2",8,11,8,13,2261847,3026395,-13
"513",2022-01-13,"MMSD-P7",520,233,518,513,1595731,2175690,-520
"514",2022-01-13,"MMSD-P8",298,10,18,8,1585103,2806434,-298
"515",2022-01-13,"MMSD-P11",521,314,523,362,908008,1317328,-523
"516",2022-01-13,"MMSD-P18",217,57,169,116,924300,1364533,-217
"517",2022-01-17,"MMSD-P2",474,457,415,403,695463,1269033,-474
"518",2022-01-17,"MMSD-P7",74,39,128,52,873470,1344454,-128
"519",2022-01-17,"MMSD-P8",492,120,479,47,546954,1090686,-492
"520",2022-01-17,"MMSD-P11",411,401,484,377,449822,805196,-484
"521",2022-01-17,"MMSD-P18",130,479,154,459,532648,864283,-479
"522",2022-01-20,"MMSD-P2",52,498,72,522,768604,1030323,-522
"523",2022-01-20,"MMSD-P7",33,17,9,6,1131461,2568993,-33
"524",2022-01-20,"MMSD-P8",514,475,525,515,510286,683679,-525
"525",2022-01-20,"MMSD-P11",56,497,16,472,729309,1366615,-497
"526",2022-01-20,"MMSD-P18",34,31,59,19,1064517,1565949,-59
"527",2022-01-24,"MMSD-P2",500,32,512,25,690998,980844,-512
"528",2022-01-24,"MMSD-P7",499,530,506,530,317915,481129,-530
"529",2022-01-24,"MMSD-P8",1,1,1,1,17420087,14151014,-1
"530",2022-01-24,"MMSD-P11",530,149,530,373,300216,332227,-530
"531",2022-01-24,"MMSD-P18",382,531,158,531,243420,389078,-531
