,Date,Site,N1RankLeft,N1RankRight,N2RankLeft,N2RankRight
1,2021-11-18,MMSD-P7,1,101,1,96
2,2022-01-03,MMSD-P11,1,98,1,11
3,2022-01-03,MMSD-P18,1,92,1,98
4,2022-01-06,MMSD-P2,1,102,2,95
5,2022-01-23,Madison,1,390,1,392
6,2022-01-24,MMSD-P8,1,107,1,107
7,2021-01-28,MMSD-P11,2,99,4,92
8,2021-05-20,MMSD-P18,2,104,3,103
9,2021-12-16,MMSD-P2,2,99,3,93
10,2022-01-03,MMSD-P8,2,74,4,82
11,2022-01-05,Madison,2,388,2,390
12,2022-01-06,MMSD-P7,2,100,4,94
13,2021-01-26,Madison,3,375,3,370
14,2021-04-26,MMSD-P18,3,102,2,102
15,2021-11-15,MMSD-P8,3,94,3,96
16,2021-12-27,MMSD-P11,3,1,2,1
17,2022-01-03,MMSD-P7,3,2,2,4
18,2022-01-13,MMSD-P2,3,101,4,94
19,2021-06-08,Madison,4,387,5,387
20,2021-12-02,MMSD-P8,4,93,6,94
21,2021-12-06,MMSD-P18,4,101,4,100
22,2021-12-16,MMSD-P7,4,97,6,93
23,2021-12-16,MMSD-P11,4,97,3,91
24,2022-01-03,MMSD-P2,4,1,1,2
25,2021-01-18,MMSD-P2,5,100,7,92
26,2021-06-07,MMSD-P11,5,93,5,90
27,2021-11-15,MMSD-P18,5,94,8,93
28,2021-12-26,Madison,5,363,4,75
29,2021-12-27,MMSD-P7,5,3,5,2
30,2022-01-10,MMSD-P8,5,78,5,2
31,2021-05-20,MMSD-P2,6,98,6,97
32,2021-09-13,MMSD-P7,6,95,7,89
33,2021-11-04,MMSD-P11,6,91,7,86
34,2021-12-09,MMSD-P8,6,91,9,90
35,2021-12-13,Madison,6,383,8,381
36,2022-01-20,MMSD-P18,6,100,6,101
37,2020-11-20,Madison,7,380,9,379
38,2021-07-22,MMSD-P18,7,97,12,91
39,2021-09-30,MMSD-P11,7,92,8,88
40,2021-11-15,MMSD-P2,7,66,13,14
41,2021-11-22,MMSD-P8,7,85,15,80
42,2021-11-25,MMSD-P7,7,17,24,8
43,2021-03-04,MMSD-P2,8,95,16,78
44,2021-05-27,MMSD-P18,8,98,9,97
45,2021-11-22,MMSD-P11,8,12,10,22
46,2021-12-27,MMSD-P8,8,2,7,4
47,2022-01-02,Madison,8,298,6,367
48,2022-01-20,MMSD-P7,8,99,3,95
49,2021-07-29,MMSD-P8,9,88,13,81
50,2021-08-16,MMSD-P7,9,87,13,73
51,2021-08-23,MMSD-P2,9,81,12,72
52,2021-11-18,Madison,9,358,12,357
53,2021-11-29,MMSD-P18,9,99,7,99
54,2022-01-20,MMSD-P11,9,94,6,93
55,2021-03-01,MMSD-P18,10,91,11,81
56,2021-09-16,MMSD-P2,10,25,15,46
57,2021-09-20,MMSD-P7,10,14,9,70
58,2021-11-26,Madison,10,384,10,385
59,2021-12-06,MMSD-P11,10,68,16,80
60,2021-12-16,MMSD-P8,10,92,8,95
61,2020-11-30,Madison,11,377,14,384
62,2021-03-29,MMSD-P18,11,96,15,90
63,2021-04-19,MMSD-P8,11,90,10,91
64,2021-08-26,MMSD-P11,11,70,12,66
65,2021-11-22,MMSD-P2,11,42,29,62
66,2021-12-02,MMSD-P7,11,96,10,90
67,2021-05-02,Madison,12,382,11,383
68,2021-09-06,MMSD-P8,12,89,16,86
69,2021-10-07,MMSD-P18,12,64,17,35
70,2021-10-18,MMSD-P7,12,90,17,80
71,2021-11-25,MMSD-P11,12,89,22,76
72,2021-12-13,MMSD-P2,12,2,10,3
73,2021-04-05,MMSD-P18,13,86,14,88
74,2021-04-26,MMSD-P8,13,84,14,88
75,2021-06-06,Madison,13,378,18,375
76,2021-08-26,MMSD-P7,13,89,18,34
77,2021-09-27,MMSD-P2,13,48,25,11
78,2021-11-11,MMSD-P11,13,86,21,62
79,2021-01-25,MMSD-P11,14,2,9,4
80,2021-02-01,MMSD-P8,14,86,18,84
81,2021-09-23,MMSD-P7,14,92,70,88
82,2021-11-04,MMSD-P2,14,89,9,85
83,2021-11-25,Madison,14,10,21,10
84,2021-11-25,MMSD-P18,14,9,18,7
85,2021-02-18,MMSD-P2,15,77,31,43
86,2021-04-15,Madison,15,376,13,380
87,2021-09-06,MMSD-P11,15,19,28,18
88,2021-09-27,MMSD-P8,15,23,58,11
89,2021-11-15,MMSD-P7,15,1,11,1
90,2021-12-27,MMSD-P18,15,1,5,1
91,2021-03-25,MMSD-P18,16,11,22,15
92,2021-09-16,MMSD-P11,16,85,13,78
93,2021-10-17,Madison,16,379,26,376
94,2021-10-28,MMSD-P2,16,34,32,23
95,2021-11-01,MMSD-P7,16,52,23,19
96,2021-11-11,MMSD-P8,16,3,17,3
97,2021-02-25,MMSD-P18,17,10,25,11
98,2021-03-11,MMSD-P2,17,93,22,81
99,2021-04-15,MMSD-P11,17,76,20,68
100,2021-04-26,Madison,17,365,69,258
101,2021-10-28,MMSD-P8,17,21,24,12
102,2021-11-29,MMSD-P7,17,11,8,10
103,2021-02-08,MMSD-P8,18,65,22,36
104,2021-02-22,MMSD-P7,18,27,16,30
105,2021-05-10,MMSD-P11,18,84,14,81
106,2021-08-09,MMSD-P18,18,66,19,61
107,2021-09-09,MMSD-P2,18,94,19,82
108,2021-12-16,Madison,18,381,15,389
109,2020-11-04,Madison,19,102,33,132
110,2021-05-03,MMSD-P18,19,84,10,92
111,2021-07-29,MMSD-P2,19,78,18,64
112,2021-07-29,MMSD-P7,19,69,14,69
113,2021-09-09,MMSD-P11,19,88,18,84
114,2021-09-13,MMSD-P8,19,60,60,71
115,2020-12-11,Madison,20,374,23,369
116,2021-04-26,MMSD-P11,20,81,29,71
117,2021-09-02,MMSD-P8,20,12,21,16
118,2021-09-23,MMSD-P18,20,46,49,27
119,2021-10-07,MMSD-P7,20,25,15,22
120,2021-12-27,MMSD-P2,20,4,5,1
121,2021-02-08,MMSD-P2,21,36,20,60
122,2021-02-11,MMSD-P7,21,85,27,77
123,2021-11-01,MMSD-P8,21,51,12,83
124,2021-11-01,MMSD-P11,21,6,23,7
125,2021-11-08,MMSD-P18,21,70,44,67
126,2021-12-10,Madison,21,344,19,344
127,2021-05-10,MMSD-P7,22,81,21,72
128,2021-08-23,MMSD-P8,22,57,34,20
129,2021-08-23,MMSD-P11,22,11,25,12
130,2021-10-18,MMSD-P18,22,69,53,71
131,2021-12-01,Madison,22,370,17,353
132,2022-01-20,MMSD-P2,22,79,86,67
133,2021-01-18,MMSD-P7,23,83,20,78
134,2021-02-01,MMSD-P2,23,28,49,33
135,2021-02-01,MMSD-P18,23,83,28,77
136,2021-03-04,MMSD-P11,23,77,26,75
137,2021-09-30,MMSD-P8,23,83,11,92
138,2021-11-23,Madison,23,372,29,362
139,2021-01-21,MMSD-P18,24,77,20,40
140,2021-03-08,MMSD-P8,24,77,62,40
141,2021-04-08,MMSD-P7,24,80,31,68
142,2021-05-03,MMSD-P2,24,74,26,77
143,2021-05-03,MMSD-P11,24,78,17,83
144,2021-09-08,Madison,24,364,24,361
145,2021-05-13,MMSD-P18,25,87,29,84
146,2021-08-09,MMSD-P8,25,68,44,37
147,2021-08-09,MMSD-P11,25,56,30,56
148,2021-09-03,Madison,25,341,37,334
149,2021-09-20,MMSD-P2,25,97,46,83
150,2021-10-11,MMSD-P7,25,86,22,83
151,2021-02-08,MMSD-P7,26,21,29,27
152,2021-09-30,MMSD-P18,26,95,16,95
153,2021-10-07,MMSD-P8,26,42,46,19
154,2021-10-11,MMSD-P11,26,45,19,24
155,2021-10-14,MMSD-P2,26,82,17,87
156,2022-01-20,Madison,26,300,27,373
157,2021-02-08,MMSD-P18,27,88,26,83
158,2021-02-25,MMSD-P7,27,88,30,82
159,2021-02-25,MMSD-P8,27,62,42,64
160,2021-04-05,MMSD-P2,27,72,21,71
161,2021-10-25,MMSD-P11,27,80,65,72
162,2021-12-03,Madison,27,79,308,28
163,2021-01-28,MMSD-P7,28,75,47,75
164,2021-02-04,MMSD-P2,28,21,33,20
165,2021-05-31,MMSD-P8,28,96,32,98
166,2021-06-28,MMSD-P18,28,80,43,76
167,2021-10-07,MMSD-P11,28,26,35,19
168,2021-12-28,Madison,28,60,88,20
169,2021-01-14,MMSD-P18,29,76,30,87
170,2021-03-18,MMSD-P11,29,62,27,67
171,2021-04-26,MMSD-P7,29,102,62,97
172,2021-05-06,MMSD-P8,29,64,27,68
173,2021-05-17,MMSD-P2,29,6,28,6
174,2022-01-12,Madison,29,108,16,140
175,2021-02-08,MMSD-P11,30,79,82,61
176,2021-02-19,Madison,30,352,56,335
177,2021-03-18,MMSD-P2,30,69,30,69
178,2021-08-05,MMSD-P8,30,25,52,44
179,2021-08-30,MMSD-P18,30,34,33,36
180,2021-11-08,MMSD-P7,30,42,12,81
181,2021-03-29,MMSD-P11,31,52,97,42
182,2021-04-15,MMSD-P8,31,11,29,10
183,2021-07-12,MMSD-P18,31,82,37,78
184,2021-08-09,MMSD-P7,31,76,26,71
185,2021-10-07,MMSD-P2,31,62,47,27
186,2021-10-15,Madison,31,16,91,26
187,2020-12-15,Madison,32,361,57,364
188,2021-02-18,MMSD-P18,32,85,54,75
189,2021-06-03,MMSD-P11,32,5,100,5
190,2021-08-16,MMSD-P8,32,73,35,77
191,2021-09-06,MMSD-P2,32,18,40,19
192,2021-09-06,MMSD-P7,32,61,49,63
193,2021-01-15,Madison,33,332,108,305
194,2021-02-15,MMSD-P18,33,32,34,54
195,2021-07-19,MMSD-P7,33,63,51,42
196,2021-07-26,MMSD-P2,33,19,35,18
197,2021-09-20,MMSD-P8,33,72,33,25
198,2021-10-18,MMSD-P11,33,83,79,60
199,2020-11-25,Madison,34,349,7,363
200,2021-02-15,MMSD-P11,34,82,49,73
201,2021-03-18,MMSD-P7,34,59,36,39
202,2021-03-29,MMSD-P8,34,53,26,66
203,2021-09-02,MMSD-P18,34,52,36,55
204,2021-11-01,MMSD-P2,34,14,23,9
205,2021-01-14,MMSD-P11,35,75,36,77
206,2021-04-01,MMSD-P7,35,65,35,40
207,2021-04-26,MMSD-P2,35,73,36,68
208,2021-10-14,MMSD-P8,35,52,23,63
209,2021-11-12,Madison,35,191,22,346
210,2021-12-13,MMSD-P18,35,38,13,51
211,2021-02-11,MMSD-P2,36,85,60,73
212,2021-03-18,MMSD-P8,36,43,30,50
213,2021-03-18,MMSD-P18,36,81,24,82
214,2021-07-05,MMSD-P7,36,71,43,56
215,2021-07-26,MMSD-P11,36,49,31,50
216,2021-10-11,Madison,36,335,55,317
217,2021-01-28,MMSD-P2,37,23,42,49
218,2021-02-04,MMSD-P11,37,30,15,82
219,2021-05-14,Madison,37,359,25,365
220,2021-06-24,MMSD-P8,37,102,47,57
221,2021-10-25,MMSD-P7,37,38,32,37
222,2021-11-22,MMSD-P18,37,14,48,18
223,2021-04-08,MMSD-P8,38,66,48,54
224,2021-07-01,MMSD-P11,38,64,38,44
225,2021-07-22,MMSD-P2,38,33,108,35
226,2021-07-28,Madison,38,343,63,321
227,2021-10-28,MMSD-P7,38,16,37,23
228,2021-12-16,MMSD-P18,38,89,51,94
229,2021-01-18,MMSD-P8,39,40,45,28
230,2021-04-22,MMSD-P7,39,29,25,62
231,2021-06-24,MMSD-P11,39,67,103,64
232,2021-08-05,MMSD-P2,39,54,66,24
233,2021-08-16,MMSD-P18,39,79,69,68
234,2021-09-28,Madison,39,96,73,114
235,2021-01-21,MMSD-P8,40,70,28,49
236,2021-04-15,MMSD-P2,40,55,39,55
237,2021-04-19,MMSD-P7,40,39,44,25
238,2021-09-09,MMSD-P18,40,59,58,31
239,2021-09-14,Madison,40,346,58,345
240,2021-09-23,MMSD-P11,40,59,58,39
241,2021-01-21,MMSD-P11,41,14,33,9
242,2021-03-25,MMSD-P2,41,43,37,38
243,2021-06-03,MMSD-P7,41,60,103,103
244,2021-07-19,MMSD-P8,41,59,38,43
245,2021-09-20,Madison,41,336,42,351
246,2021-10-28,MMSD-P18,41,53,41,21
247,2021-02-25,MMSD-P11,42,71,45,57
248,2021-06-17,MMSD-P18,42,67,46,60
249,2021-09-23,Madison,42,220,41,129
250,2021-10-11,MMSD-P8,42,35,19,23
251,2021-11-11,MMSD-P7,42,15,81,11
252,2021-11-25,MMSD-P2,42,83,62,89
253,2021-03-22,MMSD-P8,43,69,50,70
254,2021-03-29,MMSD-P2,43,71,38,70
255,2021-05-20,MMSD-P7,43,79,28,99
256,2021-07-05,MMSD-P18,43,60,45,57
257,2021-07-19,MMSD-P11,43,44,47,32
258,2021-12-15,Madison,43,18,35,15
259,2021-05-20,MMSD-P8,44,48,39,41
260,2021-05-27,MMSD-P7,44,55,101,101
261,2021-07-01,MMSD-P2,44,57,105,105
262,2021-07-19,MMSD-P18,44,7,39,12
263,2021-07-22,MMSD-P11,44,36,32,31
264,2021-08-23,Madison,44,295,110,276
265,2020-12-31,Madison,45,345,53,338
266,2021-05-10,MMSD-P2,45,67,41,54
267,2021-05-17,MMSD-P8,45,44,53,39
268,2021-07-01,MMSD-P7,45,36,55,43
269,2021-08-23,MMSD-P18,45,71,32,79
270,2021-10-14,MMSD-P11,45,33,24,79
271,2021-02-15,MMSD-P8,46,50,72,73
272,2021-03-08,MMSD-P7,46,62,52,48
273,2021-08-05,MMSD-P11,46,25,55,30
274,2021-08-12,MMSD-P2,46,76,74,52
275,2021-09-27,MMSD-P18,46,26,27,16
276,2021-11-07,Madison,46,278,72,111
277,2020-11-18,Madison,47,302,113,164
278,2021-01-28,MMSD-P8,47,14,75,18
279,2021-05-31,MMSD-P2,47,53,48,99
280,2021-06-03,MMSD-P18,47,48,65,50
281,2021-07-08,MMSD-P11,47,53,46,103
282,2021-08-23,MMSD-P7,47,13,74,18
283,2021-03-21,Madison,48,269,87,198
284,2021-05-24,MMSD-P8,48,55,41,59
285,2021-05-24,MMSD-P11,48,101,52,97
286,2021-06-07,MMSD-P18,48,50,50,23
287,2021-08-05,MMSD-P7,48,31,57,26
288,2021-09-30,MMSD-P2,48,84,11,90
289,2020-11-02,Madison,49,368,48,360
290,2021-06-24,MMSD-P7,49,58,41,60
291,2021-07-12,MMSD-P2,49,56,45,50
292,2021-07-15,MMSD-P8,49,41,55,38
293,2021-07-29,MMSD-P11,49,66,50,34
294,2021-09-16,MMSD-P18,49,73,62,73
295,2021-02-18,MMSD-P8,50,81,73,74
296,2021-03-11,MMSD-P11,50,57,53,40
297,2021-03-25,MMSD-P7,50,66,59,65
298,2021-06-10,MMSD-P18,50,68,23,86
299,2021-06-28,MMSD-P2,50,44,51,104
300,2021-08-19,Madison,50,198,83,246
301,2021-05-17,MMSD-P11,51,55,41,37
302,2021-05-28,Madison,51,337,30,368
303,2021-07-12,MMSD-P7,51,56,54,46
304,2021-07-19,MMSD-P2,51,38,107,107
305,2021-11-04,MMSD-P8,51,79,83,78
306,2021-11-04,MMSD-P18,51,21,63,44
307,2021-04-01,MMSD-P11,52,60,42,43
308,2021-04-30,Madison,52,12,32,11
309,2021-07-08,MMSD-P2,52,49,53,45
310,2021-09-06,MMSD-P18,52,40,55,58
311,2021-10-18,MMSD-P8,52,87,63,89
312,2021-11-04,MMSD-P7,52,30,19,12
313,2021-04-01,MMSD-P8,53,61,66,67
314,2021-06-03,MMSD-P2,53,104,100,100
315,2021-07-12,MMSD-P11,53,58,104,104
316,2021-07-26,MMSD-P7,53,19,58,14
317,2021-09-17,Madison,53,268,85,271
318,2021-11-01,MMSD-P18,53,51,21,63
319,2021-03-15,MMSD-P8,54,36,69,30
320,2021-04-12,MMSD-P11,54,17,63,20
321,2021-04-12,MMSD-P18,54,74,52,74
322,2021-06-21,MMSD-P7,54,49,50,41
323,2021-08-09,MMSD-P2,54,46,24,74
324,2022-01-16,Madison,54,210,84,310
325,2021-03-11,MMSD-P18,55,58,42,64
326,2021-04-19,MMSD-P2,55,59,55,44
327,2021-05-20,MMSD-P11,55,48,37,52
328,2021-05-27,MMSD-P8,55,28,59,32
329,2021-05-31,MMSD-P7,55,41,102,102
330,2021-07-02,Madison,55,179,46,240
331,2021-02-09,Madison,56,98,66,77
332,2021-07-15,MMSD-P2,56,51,50,106
333,2021-07-15,MMSD-P7,56,33,46,51
334,2021-07-26,MMSD-P8,56,9,56,13
335,2021-07-29,MMSD-P18,56,62,38,72
336,2021-08-12,MMSD-P11,56,65,56,48
337,2021-01-22,Madison,57,339,135,282
338,2021-03-15,MMSD-P11,57,29,40,27
339,2021-05-17,MMSD-P7,57,43,66,28
340,2021-07-05,MMSD-P2,57,52,106,53
341,2021-08-05,MMSD-P18,57,18,56,19
342,2021-08-26,MMSD-P8,57,75,20,79
343,2021-03-04,MMSD-P8,58,24,31,62
344,2021-03-15,MMSD-P18,58,36,64,24
345,2021-04-23,Madison,58,72,50,34
346,2021-05-27,MMSD-P2,58,47,99,48
347,2021-06-28,MMSD-P7,58,45,60,55
348,2021-07-15,MMSD-P11,58,43,105,47
349,2020-10-29,Madison,59,333,59,314
350,2021-03-22,MMSD-P7,59,50,39,59
351,2021-04-22,MMSD-P2,59,35,44,36
352,2021-07-22,MMSD-P8,59,56,43,56
353,2021-09-13,MMSD-P18,59,49,31,62
354,2021-09-27,MMSD-P11,59,7,39,8
355,2021-04-05,MMSD-P11,60,69,43,51
356,2021-06-07,MMSD-P7,60,104,104,104
357,2021-06-17,MMSD-P2,60,106,56,102
358,2021-07-08,MMSD-P18,60,31,57,37
359,2021-09-16,MMSD-P8,60,33,71,33
360,2021-12-29,Madison,60,8,20,6
361,2020-12-08,Madison,61,274,61,70
362,2021-04-05,MMSD-P8,61,38,67,48
363,2021-04-22,MMSD-P11,61,20,54,29
364,2021-06-24,MMSD-P18,61,28,66,43
365,2021-09-09,MMSD-P7,61,6,63,7
366,2021-10-21,MMSD-P2,61,88,57,75
367,2021-01-12,Madison,62,342,47,356
368,2021-03-01,MMSD-P8,62,58,64,31
369,2021-03-11,MMSD-P7,62,64,48,53
370,2021-03-22,MMSD-P11,62,73,67,95
371,2021-08-02,MMSD-P18,62,57,72,56
372,2021-10-11,MMSD-P2,62,26,27,17
373,2021-01-28,MMSD-P18,63,23,85,28
374,2021-02-22,MMSD-P11,63,42,59,45
375,2021-05-03,MMSD-P8,63,29,61,27
376,2021-07-22,MMSD-P7,63,53,42,58
377,2021-08-19,MMSD-P2,63,9,65,12
378,2021-10-19,Madison,63,355,36,358
379,2021-02-03,Madison,64,154,97,109
380,2021-03-15,MMSD-P7,64,34,53,36
381,2021-04-12,MMSD-P2,64,40,63,39
382,2021-05-10,MMSD-P8,64,67,68,65
383,2021-07-05,MMSD-P11,64,47,44,46
384,2021-10-11,MMSD-P18,64,72,35,80
385,2021-02-11,MMSD-P8,65,46,36,72
386,2021-03-26,Madison,65,239,65,289
387,2021-04-05,MMSD-P7,65,24,40,31
388,2021-05-10,MMSD-P18,65,25,59,29
389,2021-08-16,MMSD-P11,65,74,48,69
390,2021-11-11,MMSD-P2,65,7,34,13
391,2021-03-29,MMSD-P7,66,35,65,35
392,2021-04-12,MMSD-P8,66,31,54,29
393,2021-07-26,Madison,66,321,74,296
394,2021-08-02,MMSD-P11,66,46,34,55
395,2021-08-12,MMSD-P18,66,39,61,69
396,2021-11-18,MMSD-P2,66,11,14,29
397,2020-12-25,Madison,67,316,49,299
398,2021-05-06,MMSD-P7,67,22,67,21
399,2021-05-13,MMSD-P8,67,45,65,53
400,2021-05-13,MMSD-P2,67,29,54,28
401,2021-06-21,MMSD-P18,67,61,60,66
402,2021-06-28,MMSD-P11,67,38,64,38
403,2021-01-19,Madison,68,279,175,39
404,2021-03-04,MMSD-P7,68,46,64,52
405,2021-06-14,MMSD-P18,68,42,86,46
406,2021-08-12,MMSD-P8,68,32,37,35
407,2021-09-02,MMSD-P2,68,32,59,40
408,2021-12-09,MMSD-P11,68,90,80,85
409,2021-03-22,MMSD-P2,69,41,69,37
410,2021-03-25,MMSD-P8,69,34,70,26
411,2021-04-08,MMSD-P11,69,54,51,63
412,2021-08-02,MMSD-P7,69,48,69,57
413,2021-10-21,MMSD-P18,69,75,71,70
414,2021-11-10,Madison,69,180,51,327
415,2021-01-25,MMSD-P2,70,37,58,42
416,2021-01-25,MMSD-P7,70,28,33,47
417,2021-01-25,MMSD-P8,70,47,49,75
418,2021-08-26,Madison,70,314,94,217
419,2021-08-30,MMSD-P11,70,87,66,74
420,2021-11-11,MMSD-P18,70,5,67,8
421,2020-10-28,Madison,71,59,221,59
422,2021-03-01,MMSD-P11,71,23,57,26
423,2021-04-01,MMSD-P2,71,27,70,21
424,2021-07-08,MMSD-P7,71,51,56,54
425,2021-08-26,MMSD-P18,71,30,79,33
426,2022-01-20,MMSD-P8,71,1,93,1
427,2021-02-04,MMSD-P7,72,26,45,29
428,2021-04-08,MMSD-P2,72,64,71,63
429,2021-04-25,Madison,72,17,34,69
430,2021-06-14,MMSD-P11,72,103,70,100
431,2021-09-23,MMSD-P8,72,15,25,58
432,2021-10-14,MMSD-P18,72,22,80,53
433,2020-10-12,Madison,73,289,185,186
434,2021-02-18,MMSD-P7,73,18,61,16
435,2021-03-25,MMSD-P11,73,31,96,96
436,2021-04-29,MMSD-P2,73,24,68,26
437,2021-08-19,MMSD-P8,73,22,77,34
438,2021-09-20,MMSD-P18,73,20,73,49
439,2020-12-07,Madison,74,61,31,61
440,2021-04-22,MMSD-P18,74,3,74,2
441,2021-05-06,MMSD-P2,74,45,77,41
442,2021-08-19,MMSD-P11,74,22,69,25
443,2021-09-02,MMSD-P7,74,32,76,49
444,2022-01-06,MMSD-P8,74,5,82,5
445,2021-01-18,MMSD-P11,75,41,77,33
446,2021-02-01,MMSD-P7,75,72,75,45
447,2021-02-25,MMSD-P2,75,96,79,76
448,2021-05-20,Madison,75,347,60,352
449,2021-08-30,MMSD-P8,75,20,79,21
450,2021-10-25,MMSD-P18,75,41,70,41
451,2021-01-18,MMSD-P18,76,24,87,20
452,2021-04-19,MMSD-P11,76,61,68,54
453,2021-08-12,MMSD-P7,76,9,71,13
454,2021-08-16,MMSD-P2,76,63,52,65
455,2021-10-25,MMSD-P8,76,17,76,24
456,2021-12-08,Madison,76,354,45,374
457,2021-01-25,MMSD-P18,77,63,40,85
458,2021-02-22,MMSD-P2,77,75,43,79
459,2021-03-08,MMSD-P11,77,50,75,53
460,2021-03-11,MMSD-P8,77,54,40,69
461,2021-09-30,MMSD-P7,77,84,38,85
462,2021-10-04,Madison,77,322,52,337
463,2021-01-14,MMSD-P7,78,23,79,20
464,2021-03-08,MMSD-P18,78,55,89,42
465,2021-05-06,MMSD-P11,78,18,83,14
466,2021-08-02,MMSD-P2,78,39,64,66
467,2021-10-06,Madison,78,129,92,264
468,2022-01-13,MMSD-P8,78,95,2,97
469,2021-02-11,MMSD-P11,79,34,61,49
470,2021-05-24,MMSD-P7,79,44,100,100
471,2021-08-19,MMSD-P18,79,45,68,32
472,2021-11-08,MMSD-P8,79,16,78,17
473,2021-12-05,Madison,79,367,28,371
474,2022-01-24,MMSD-P2,79,108,67,108
475,2021-01-14,MMSD-P8,80,39,85,45
476,2021-04-12,MMSD-P7,80,40,68,44
477,2021-07-01,MMSD-P18,80,43,76,45
478,2021-08-30,MMSD-P2,80,68,61,59
479,2021-10-28,MMSD-P11,80,21,72,23
480,2022-01-10,Madison,80,373,38,382
481,2021-02-22,MMSD-P8,81,27,74,42
482,2021-03-17,Madison,81,224,44,288
483,2021-03-22,MMSD-P18,81,16,82,22
484,2021-04-29,MMSD-P11,81,24,71,17
485,2021-05-13,MMSD-P7,81,57,72,66
486,2021-08-26,MMSD-P2,81,80,72,61
487,2020-10-23,Madison,82,259,62,309
488,2021-02-18,MMSD-P11,82,63,73,59
489,2021-07-15,MMSD-P18,82,44,78,39
490,2021-10-18,MMSD-P2,82,61,87,57
491,2021-11-29,MMSD-P8,82,4,87,6
492,2021-12-09,MMSD-P7,82,93,87,86
493,2020-12-23,Madison,83,247,105,241
494,2021-01-21,MMSD-P7,83,70,78,33
495,2021-02-04,MMSD-P18,83,27,77,26
496,2021-10-04,MMSD-P8,83,26,92,46
497,2021-10-21,MMSD-P11,83,27,60,65
498,2021-11-29,MMSD-P2,83,87,89,8
499,2021-04-29,MMSD-P8,84,63,88,61
500,2021-05-06,MMSD-P18,84,65,92,59
501,2021-05-13,MMSD-P11,84,51,81,41
502,2021-10-04,MMSD-P7,84,20,85,15
503,2021-10-04,MMSD-P2,84,31,90,47
504,2021-11-01,Madison,84,258,302,80
505,2021-02-15,MMSD-P2,85,15,73,31
506,2021-02-15,MMSD-P7,85,73,77,61
507,2021-02-17,Madison,85,291,116,192
508,2021-02-22,MMSD-P18,85,17,75,25
509,2021-09-20,MMSD-P11,85,40,78,58
510,2021-11-25,MMSD-P8,85,82,80,87
511,2021-02-04,MMSD-P8,86,18,84,22
512,2021-04-08,MMSD-P18,86,54,88,52
513,2021-05-31,Madison,86,104,78,103
514,2021-10-14,MMSD-P7,86,12,83,17
515,2021-11-18,MMSD-P11,86,8,62,10
516,2021-12-09,MMSD-P2,86,12,88,10
517,2021-04-29,Madison,87,52,68,32
518,2021-05-17,MMSD-P18,87,2,84,3
519,2021-08-19,MMSD-P7,87,47,73,74
520,2021-09-02,MMSD-P11,87,15,74,28
521,2021-10-21,MMSD-P8,87,76,89,76
522,2021-12-02,MMSD-P2,87,91,8,91
523,2021-02-11,MMSD-P18,88,33,83,34
524,2021-03-01,MMSD-P7,88,68,82,64
525,2021-04-14,Madison,88,15,118,13
526,2021-08-02,MMSD-P8,88,30,81,52
527,2021-09-13,MMSD-P11,88,16,84,13
528,2021-10-25,MMSD-P2,88,16,75,32
529,2021-08-30,Madison,89,317,149,273
530,2021-08-30,MMSD-P7,89,74,34,76
531,2021-09-09,MMSD-P8,89,19,86,60
532,2021-11-08,MMSD-P2,89,65,85,34
533,2021-12-02,MMSD-P11,89,10,76,16
534,2021-12-20,MMSD-P18,89,15,94,5
535,2021-01-14,MMSD-P2,90,5,80,7
536,2021-04-22,MMSD-P8,90,13,91,14
537,2021-06-29,Madison,90,260,100,278
538,2021-10-21,MMSD-P7,90,37,80,32
539,2021-12-13,MMSD-P11,90,4,85,3
540,2022-01-13,MMSD-P18,90,93,47,96
541,2021-03-04,MMSD-P18,91,78,81,89
542,2021-05-18,Madison,91,195,228,96
543,2021-06-17,MMSD-P7,91,54,84,50
544,2021-11-08,MMSD-P11,91,13,86,21
545,2021-12-06,MMSD-P2,91,86,91,88
546,2021-12-13,MMSD-P8,91,10,90,8
547,2021-03-23,Madison,92,318,79,328
548,2021-06-14,MMSD-P2,92,60,84,56
549,2021-09-27,MMSD-P7,92,77,88,38
550,2021-10-04,MMSD-P11,92,28,88,35
551,2021-12-20,MMSD-P8,92,8,95,7
552,2022-01-06,MMSD-P18,92,103,98,104
553,2021-03-15,MMSD-P2,93,30,81,30
554,2021-06-10,MMSD-P11,93,72,90,70
555,2021-10-31,Madison,93,84,64,302
556,2021-12-06,MMSD-P8,93,6,94,9
557,2021-12-13,MMSD-P7,93,4,86,6
558,2022-01-17,MMSD-P18,93,6,96,6
559,2021-01-07,Madison,94,106,86,152
560,2021-09-13,MMSD-P2,94,10,82,15
561,2021-11-18,MMSD-P8,94,7,96,15
562,2021-11-18,MMSD-P18,94,37,93,48
563,2022-01-13,MMSD-P7,94,98,91,92
564,2022-01-24,MMSD-P11,94,105,93,105
565,2021-02-24,Madison,95,219,82,269
566,2021-03-08,MMSD-P2,95,17,78,22
567,2021-09-16,MMSD-P7,95,10,89,9
568,2021-10-04,MMSD-P18,95,12,95,17
569,2022-01-17,MMSD-P8,95,71,97,93
570,2022-01-17,MMSD-P11,95,9,89,6
571,2021-01-11,MMSD-P8,96,80,98,85
572,2021-03-01,MMSD-P2,96,8,76,16
573,2021-04-01,MMSD-P18,96,13,90,14
574,2021-09-29,Madison,96,320,114,297
575,2021-12-06,MMSD-P7,96,82,90,87
576,2022-01-13,MMSD-P11,96,95,87,89
577,2021-06-03,MMSD-P8,97,97,99,99
578,2021-07-26,MMSD-P18,97,56,91,38
579,2021-09-23,MMSD-P2,97,13,83,25
580,2021-10-24,Madison,97,292,121,144
581,2021-12-20,MMSD-P7,97,5,93,5
582,2021-12-20,MMSD-P11,97,3,91,2
583,2021-02-10,Madison,98,133,77,286
584,2021-05-24,MMSD-P2,98,58,98,98
585,2021-05-31,MMSD-P18,98,47,97,65
586,2021-06-07,MMSD-P8,98,98,100,100
587,2022-01-06,MMSD-P11,98,100,11,94
588,2022-01-17,MMSD-P7,98,8,92,3
589,2021-02-01,MMSD-P11,99,37,92,15
590,2021-03-30,Madison,99,340,134,332
591,2021-06-10,MMSD-P8,99,99,101,101
592,2021-12-02,MMSD-P18,99,4,99,4
593,2021-12-20,MMSD-P2,99,20,93,5
594,2022-01-24,MMSD-P7,99,106,95,106
595,2020-12-02,Madison,100,161,306,225
596,2021-01-21,MMSD-P2,100,70,92,58
597,2021-06-14,MMSD-P8,100,100,102,102
598,2022-01-10,MMSD-P7,100,94,94,91
599,2022-01-10,MMSD-P11,100,96,94,87
600,2022-01-24,MMSD-P18,100,105,101,105
601,2021-01-11,MMSD-P11,101,35,95,36
602,2021-03-10,Madison,101,319,90,322
603,2021-06-17,MMSD-P8,101,101,103,103
604,2021-11-22,MMSD-P7,101,7,96,24
605,2021-12-09,MMSD-P18,101,35,100,13
606,2022-01-17,MMSD-P2,101,22,94,86
607,2020-11-05,Madison,102,328,132,330
608,2021-01-11,MMSD-P7,102,78,97,79
609,2021-04-29,MMSD-P18,102,19,102,10
610,2021-05-27,MMSD-P11,102,102,98,98
611,2021-06-21,MMSD-P8,102,37,104,47
612,2022-01-10,MMSD-P2,102,3,95,4
613,2020-09-28,MMSD-P2,103,103,96,96
614,2021-04-29,MMSD-P7,103,103,98,98
615,2021-05-31,MMSD-P11,103,32,99,99
616,2021-06-28,MMSD-P8,103,103,57,51
617,2021-10-28,Madison,103,282,154,161
618,2022-01-10,MMSD-P18,103,90,104,47
619,2021-01-11,MMSD-P2,104,90,97,80
620,2021-05-03,MMSD-P7,104,67,99,67
621,2021-05-24,MMSD-P18,104,8,103,9
622,2021-06-01,Madison,104,326,103,347
623,2021-06-17,MMSD-P11,104,104,101,101
624,2021-07-01,MMSD-P8,104,104,51,104
625,2021-01-11,MMSD-P18,105,29,105,30
626,2021-06-07,MMSD-P2,105,105,101,101
627,2021-06-10,MMSD-P7,105,105,105,105
628,2021-06-21,MMSD-P11,105,39,102,102
629,2021-07-05,MMSD-P8,105,105,105,105
630,2021-08-12,Madison,105,107,159,143
631,2021-01-08,Madison,106,197,152,256
632,2021-06-10,MMSD-P2,106,92,102,84
633,2021-06-14,MMSD-P7,106,91,106,84
634,2021-07-08,MMSD-P8,106,106,106,106
635,2021-06-21,MMSD-P2,107,107,103,103
636,2021-07-12,MMSD-P8,107,49,107,55
637,2021-08-13,Madison,107,257,143,191
638,2021-06-24,MMSD-P2,108,50,104,51
639,2022-01-13,Madison,108,371,140,366
640,2021-02-15,Madison,109,241,120,248
641,2021-01-04,Madison,110,174,107,153
642,2021-09-12,Madison,111,223,95,270
643,2021-12-20,Madison,112,369,298,348
644,2021-06-14,Madison,113,252,142,206
645,2021-06-18,Madison,114,229,117,279
646,2021-03-01,Madison,115,296,98,315
647,2020-10-21,Madison,116,157,166,128
648,2021-04-01,Madison,117,128,99,220
649,2021-03-03,Madison,118,218,127,131
650,2021-08-29,Madison,119,89,216,149
651,2021-07-12,Madison,120,217,93,283
652,2021-06-21,Madison,121,267,157,231
653,2021-03-12,Madison,122,237,151,165
654,2021-07-22,Madison,123,207,102,272
655,2020-10-19,Madison,124,143,189,180
656,2021-05-26,Madison,125,189,119,171
657,2021-04-08,Madison,126,230,148,235
658,2021-08-10,Madison,127,290,174,187
659,2021-04-02,Madison,128,280,220,274
660,2021-10-07,Madison,129,193,264,81
661,2021-05-24,Madison,130,264,193,268
662,2021-08-16,Madison,131,303,218,285
663,2021-10-22,Madison,132,97,208,121
664,2021-02-11,Madison,133,353,286,342
665,2021-11-05,Madison,134,46,115,72
666,2020-12-18,Madison,135,262,67,318
667,2021-05-07,Madison,136,151,130,179
668,2020-10-05,Madison,137,156,197,137
669,2021-09-10,Madison,138,111,281,95
670,2020-10-08,Madison,139,238,124,255
671,2021-08-04,Madison,140,284,146,244
672,2020-09-22,Madison,141,215,195,194
673,2021-06-04,Madison,142,13,155,18
674,2020-10-20,Madison,143,116,180,166
675,2021-08-06,Madison,144,248,212,224
676,2021-08-01,Madison,145,226,247,233
677,2020-10-16,Madison,146,124,101,189
678,2021-07-21,Madison,147,123,170,102
679,2021-08-09,Madison,148,127,138,174
680,2021-03-15,Madison,149,235,199,242
681,2021-01-31,Madison,150,313,265,319
682,2021-05-09,Madison,151,273,179,122
683,2020-11-17,Madison,152,47,312,113
684,2021-10-21,Madison,153,132,196,208
685,2021-02-04,Madison,154,310,109,304
686,2020-10-02,Madison,155,137,167,197
687,2020-10-06,Madison,156,287,137,287
688,2020-10-22,Madison,157,82,128,62
689,2021-07-11,Madison,158,120,178,93
690,2021-06-13,Madison,159,113,160,142
691,2021-05-12,Madison,160,164,263,261
692,2020-12-03,Madison,161,324,225,177
693,2021-06-03,Madison,162,142,76,155
694,2021-04-06,Madison,163,281,223,249
695,2021-05-13,Madison,164,37,261,25
696,2021-04-19,Madison,165,234,162,257
697,2021-06-24,Madison,166,196,150,239
698,2021-04-18,Madison,167,165,156,162
699,2021-05-05,Madison,168,301,359,284
700,2021-02-07,Madison,169,299,201,295
701,2020-09-25,Madison,170,208,205,188
702,2021-05-11,Madison,171,160,213,263
703,2021-07-30,Madison,172,145,89,247
704,2020-12-29,Madison,173,323,253,336
705,2021-01-05,Madison,174,199,153,112
706,2021-10-27,Madison,175,103,123,154
707,2021-05-23,Madison,176,130,139,193
708,2021-09-27,Madison,177,39,237,73
709,2021-09-16,Madison,178,53,71,85
710,2021-07-04,Madison,179,327,240,324
711,2021-11-11,Madison,180,35,327,22
712,2020-11-12,Madison,181,190,232,145
713,2021-07-07,Madison,182,201,204,168
714,2021-06-27,Madison,183,243,203,229
715,2020-10-15,Madison,184,146,163,101
716,2021-02-23,Madison,185,95,211,82
717,2021-03-07,Madison,186,206,147,243
718,2021-09-02,Madison,187,25,136,37
719,2021-11-04,Madison,188,134,291,115
720,2021-05-27,Madison,189,51,171,30
721,2020-11-13,Madison,190,285,145,106
722,2021-11-14,Madison,191,311,346,141
723,2020-09-29,Madison,192,212,176,173
724,2021-10-08,Madison,193,266,81,184
725,2021-07-20,Madison,194,147,219,170
726,2021-05-19,Madison,195,75,96,60
727,2021-06-25,Madison,196,183,239,203
728,2021-01-11,Madison,197,62,256,47
729,2021-08-20,Madison,198,294,246,126
730,2021-01-06,Madison,199,94,112,86
731,2021-04-12,Madison,200,211,200,226
732,2021-07-08,Madison,201,209,168,209
733,2021-08-03,Madison,202,140,292,146
734,2021-02-02,Madison,203,64,158,97
735,2021-04-11,Madison,204,200,210,200
736,2021-09-26,Madison,205,177,267,237
737,2021-03-08,Madison,206,255,243,260
738,2021-07-23,Madison,207,236,272,234
739,2020-09-28,Madison,208,192,188,176
740,2021-07-09,Madison,209,158,209,178
741,2022-01-17,Madison,210,366,310,377
742,2021-04-13,Madison,211,88,226,118
743,2020-10-01,Madison,212,155,173,167
744,2021-11-17,Madison,213,9,259,12
745,2021-02-28,Madison,214,115,169,98
746,2020-09-23,Madison,215,228,194,202
747,2021-10-14,Madison,216,31,125,91
748,2021-07-13,Madison,217,272,283,275
749,2021-03-04,Madison,218,297,131,313
750,2021-02-25,Madison,219,214,269,169
751,2021-09-24,Madison,220,205,129,267
752,2021-12-07,Madison,221,76,181,45
753,2021-04-21,Madison,222,275,172,290
754,2021-09-13,Madison,223,40,270,58
755,2021-03-18,Madison,224,309,288,320
756,2021-06-16,Madison,225,227,190,250
757,2021-08-02,Madison,226,202,233,292
758,2021-06-17,Madison,227,114,250,117
759,2020-09-24,Madison,228,170,202,205
760,2021-06-20,Madison,229,121,279,157
761,2021-04-09,Madison,230,204,235,210
762,2021-05-17,Madison,231,91,277,228
763,2021-10-03,Madison,232,77,254,52
764,2021-07-06,Madison,233,182,215,204
765,2021-04-20,Madison,234,222,257,172
766,2021-03-16,Madison,235,81,242,44
767,2021-07-25,Madison,236,66,234,74
768,2021-03-14,Madison,237,149,165,199
769,2020-10-09,Madison,238,73,255,185
770,2021-03-28,Madison,239,244,289,183
771,2020-12-22,Madison,240,83,214,105
772,2021-02-16,Madison,241,85,248,116
773,2021-07-18,Madison,242,293,326,280
774,2021-06-28,Madison,243,90,229,100
775,2021-03-29,Madison,244,99,183,134
776,2021-08-18,Madison,245,50,251,83
777,2021-02-22,Madison,246,185,245,211
778,2020-12-24,Madison,247,67,241,49
779,2021-08-08,Madison,248,148,224,138
780,2021-12-19,Madison,249,112,54,298
781,2021-01-14,Madison,250,33,104,108
782,2021-06-23,Madison,251,166,230,150
783,2021-06-15,Madison,252,225,206,190
784,2020-11-24,Madison,253,34,325,7
785,2020-11-10,Madison,254,350,182,323
786,2021-03-09,Madison,255,101,260,90
787,2021-09-06,Madison,256,307,293,294
788,2021-08-15,Madison,257,131,191,218
789,2021-11-02,Madison,258,304,80,300
790,2020-10-26,Madison,259,338,309,303
791,2021-06-30,Madison,260,261,278,266
792,2021-07-01,Madison,261,55,266,46
793,2020-12-21,Madison,262,240,318,214
794,2021-10-26,Madison,263,175,307,123
795,2021-05-25,Madison,264,125,268,119
796,2021-09-01,Madison,265,187,207,136
797,2021-10-10,Madison,266,36,184,55
798,2021-06-22,Madison,267,251,231,230
799,2021-09-19,Madison,268,41,271,42
800,2021-03-22,Madison,269,92,198,79
801,2021-05-04,Madison,270,168,222,359
802,2021-02-14,Madison,271,109,238,120
803,2021-07-14,Madison,272,391,275,227
804,2021-05-10,Madison,273,171,122,213
805,2020-12-09,Madison,274,329,70,350
806,2021-04-22,Madison,275,58,290,50
807,2020-09-19,Madison,276,141,252,195
808,2021-03-25,Madison,277,65,133,65
809,2021-11-08,Madison,278,334,111,331
810,2021-01-20,Madison,279,315,39,339
811,2021-04-05,Madison,280,163,274,223
812,2021-04-07,Madison,281,126,249,148
813,2021-10-29,Madison,282,93,161,64
814,2020-12-17,Madison,283,135,316,67
815,2021-08-05,Madison,284,144,244,212
816,2020-11-16,Madison,285,152,106,312
817,2020-10-14,Madison,286,184,236,163
818,2020-10-07,Madison,287,139,287,124
819,2021-11-21,Madison,288,330,340,262
820,2020-10-13,Madison,289,286,186,236
821,2021-08-11,Madison,290,105,187,159
822,2021-02-18,Madison,291,30,192,56
823,2021-10-25,Madison,292,263,144,307
824,2021-07-19,Madison,293,194,280,219
825,2021-08-22,Madison,294,44,126,110
826,2021-08-24,Madison,295,325,276,311
827,2021-03-02,Madison,296,118,315,127
828,2021-03-05,Madison,297,186,313,147
829,2022-01-03,Madison,298,356,367,378
830,2021-02-08,Madison,299,56,295,66
831,2022-01-21,Madison,300,1,373,1
832,2021-05-06,Madison,301,136,284,130
833,2020-11-19,Madison,302,7,164,9
834,2021-08-17,Madison,303,245,285,251
835,2021-11-03,Madison,304,188,300,291
836,2022-01-19,Madison,305,26,43,27
837,2021-10-13,Madison,306,216,301,125
838,2021-09-07,Madison,307,24,294,24
839,2021-06-11,Madison,308,159,333,160
840,2021-03-19,Madison,309,48,320,87
841,2021-02-05,Madison,310,169,304,201
842,2021-11-16,Madison,311,213,141,259
843,2020-11-27,Madison,312,11,355,14
844,2021-02-01,Madison,313,203,319,158
845,2021-08-27,Madison,314,119,217,216
846,2021-01-21,Madison,315,57,339,135
847,2020-12-28,Madison,316,173,299,253
848,2021-08-31,Madison,317,265,273,207
849,2021-03-24,Madison,318,277,328,133
850,2021-03-11,Madison,319,122,322,151
851,2021-09-30,Madison,320,362,297,354
852,2021-07-27,Madison,321,38,296,63
853,2021-10-05,Madison,322,78,337,92
854,2020-12-30,Madison,323,45,336,53
855,2020-12-04,Madison,324,74,177,31
856,2021-08-25,Madison,325,70,311,94
857,2021-06-02,Madison,326,162,347,76
858,2021-07-05,Madison,327,233,324,215
859,2020-11-09,Madison,328,254,330,182
860,2020-12-10,Madison,329,20,350,23
861,2021-11-22,Madison,330,23,262,29
862,2021-06-10,Madison,331,308,349,333
863,2021-01-18,Madison,332,68,305,175
864,2020-10-30,Madison,333,49,314,48
865,2021-11-09,Madison,334,69,331,51
866,2021-10-12,Madison,335,306,317,301
867,2021-09-21,Madison,336,348,351,329
868,2021-05-30,Madison,337,86,368,78
869,2020-10-27,Madison,338,71,303,221
870,2021-01-25,Madison,339,3,282,3
871,2021-03-31,Madison,340,117,332,99
872,2021-09-05,Madison,341,256,334,293
873,2021-01-13,Madison,342,250,356,104
874,2021-07-29,Madison,343,172,321,89
875,2021-12-12,Madison,344,6,344,8
876,2021-01-01,Madison,345,110,338,107
877,2021-09-15,Madison,346,178,345,71
878,2021-05-21,Madison,347,176,352,139
879,2021-09-22,Madison,348,42,329,41
880,2020-11-26,Madison,349,312,363,355
881,2020-11-11,Madison,350,181,323,232
882,2022-01-09,Madison,351,80,343,38
883,2021-02-21,Madison,352,246,335,245
884,2021-02-12,Madison,353,271,342,238
885,2021-12-09,Madison,354,21,374,19
886,2021-10-20,Madison,355,153,358,196
887,2022-01-04,Madison,356,2,378,2
888,2021-11-30,Madison,357,22,341,17
889,2021-11-19,Madison,358,288,357,340
890,2021-05-16,Madison,359,231,365,277
891,2021-04-28,Madison,360,87,372,68
892,2020-12-16,Madison,361,283,364,316
893,2021-10-01,Madison,362,232,354,254
894,2021-12-27,Madison,363,28,75,88
895,2021-09-09,Madison,364,138,361,281
896,2021-04-27,Madison,365,360,258,372
897,2022-01-18,Madison,366,305,377,43
898,2021-12-06,Madison,367,221,371,181
899,2020-11-03,Madison,368,19,360,33
900,2021-12-21,Madison,369,5,348,4
901,2021-12-02,Madison,370,27,353,308
902,2022-01-14,Madison,371,54,366,84
903,2021-11-24,Madison,372,14,362,21
904,2022-01-11,Madison,373,29,382,16
905,2020-12-14,Madison,374,32,369,57
906,2021-01-27,Madison,375,385,370,386
907,2021-04-16,Madison,376,167,380,156
908,2020-12-01,Madison,377,100,384,306
909,2021-06-07,Madison,378,4,375,5
910,2021-10-18,Madison,379,63,376,36
911,2020-11-23,Madison,380,253,379,325
912,2021-12-17,Madison,381,249,389,54
913,2021-05-03,Madison,382,270,383,222
914,2021-12-14,Madison,383,43,381,35
915,2021-11-28,Madison,384,357,385,341
916,2021-01-28,Madison,385,150,386,265
917,2022-01-07,Madison,386,351,388,343
918,2021-06-09,Madison,387,331,387,349
919,2022-01-06,Madison,388,386,390,388
920,2022-01-25,Madison,389,393,391,393
921,2022-01-24,Madison,390,389,392,391
922,2020-09-15,Madison,391,276,393,252
923,2021-07-15,Madison,392,392,227,40
924,2021-07-16,Madison,393,242,40,326
